index,eigenvalue,residual
0,2.987474196709e+02,5.793093246702e-02
1,3.457763338208e+02,3.575146553665e-02
2,4.036278112474e+02,4.867815740374e-02
3,4.588297918542e+02,4.207536583160e-02
4,7.337868898856e+02,3.130660912400e-02
5,4.303859503594e+03,5.949806101783e-03
6,4.359543635043e+03,4.910748404098e-03
7,6.755687844434e+03,8.811532909530e-03
8,2.882707855822e+04,1.114352537149e-03
9,3.322027116224e+04,8.616318048779e-04
10,6.071859697207e+04,2.158298119717e-04
11,1.000507994307e+05,3.765439288183e-04
12,1.141221009207e+05,2.611885619155e-04
13,1.684020103854e+05,3.638571138614e-05
14,1.761573439655e+05,4.912859389637e-05
15,1.977117027012e+05,1.622403614491e-04
16,2.039145503988e+05,3.021633581855e-04
17,2.102635571362e+05,2.952446365352e-05
18,2.653561903805e+05,1.561979410582e-04
19,2.736081396758e+05,2.195616054264e-05
20,2.792993787727e+05,1.078480555072e-04
21,2.806173592259e+05,3.359743931752e-05
22,2.858003646546e+05,2.154200194554e-05
23,2.960108187622e+05,3.094039662243e-05
24,3.062819484641e+05,3.431943982975e-05
25,3.162602259354e+05,3.878380668028e-05
26,3.305784635302e+05,3.199692711648e-05
27,4.221534916034e+05,1.252745847021e-05
28,4.365276328832e+05,1.275974764852e-05
29,5.502082573650e+05,1.389045339188e-05
30,5.574962334406e+05,1.876257396236e-05
31,5.702514494376e+05,7.481031816799e-05
32,5.810785205049e+05,5.483986300700e-05
33,6.430225053868e+05,1.057452646414e-05
34,6.476043265070e+05,7.797369133098e-06
35,6.739946053588e+05,1.503314099384e-05
36,6.758854247644e+05,1.760774398452e-05
37,7.955832678579e+05,4.476659497256e-05
38,8.294030049888e+05,1.055632657058e-05
39,8.497619931097e+05,1.097293845118e-05
40,9.102448033984e+05,5.998257719676e-05
41,9.430693728846e+05,4.497725510147e-05
42,1.002168123644e+06,3.028658970389e-05
43,1.082497931668e+06,1.505712895608e-05
44,1.171680516835e+06,6.451297469900e-06
45,1.275350067666e+06,2.623552307713e-06
46,1.287783956605e+06,2.543122677902e-06
47,1.373627738412e+06,3.047792144203e-06
48,1.387945639354e+06,4.587098936084e-06
49,1.462525112170e+06,1.148130159562e-05
50,1.472737778054e+06,1.093950383882e-05
51,1.498357462452e+06,5.614832291521e-06
52,1.507763462137e+06,1.540117477450e-05
53,1.577013563250e+06,1.256419784019e-05
54,1.582759900043e+06,1.494990050867e-05
55,1.602219643364e+06,4.920215082125e-06
56,1.662972109572e+06,6.880291610357e-06
57,1.668057451201e+06,3.463465860738e-06
58,1.684106463742e+06,7.783426885201e-06
59,1.729929140078e+06,7.147832804182e-06
60,1.791678008955e+06,7.436467403454e-06
61,1.822874992805e+06,7.331665453980e-06
62,1.846854676154e+06,8.205070705928e-06
63,1.849757550659e+06,8.311501476029e-06
64,1.954605468367e+06,8.181143110414e-06
65,1.969769084466e+06,4.429237371988e-06
66,2.092109436321e+06,5.142999374050e-06
67,2.119497817145e+06,3.865195402993e-06
68,2.148989639473e+06,3.352744841425e-05
69,2.169273246116e+06,8.834899803538e-06
70,2.225292256997e+06,1.099818629641e-05
71,2.334506038720e+06,4.110018527845e-06
72,2.336508385077e+06,1.261938451481e-05
73,2.360548005625e+06,1.279306087559e-05
74,2.406498784562e+06,7.225104872452e-06
75,2.474196461503e+06,4.156328585174e-06
76,2.491129093301e+06,5.160600834545e-06
77,2.504124139796e+06,4.052587682951e-06
78,2.520335180154e+06,5.436847347158e-06
79,2.674309166753e+06,6.802801223702e-06
80,2.697257194489e+06,5.034206674613e-06
81,2.803054966663e+06,6.688449146907e-06
82,2.814874743728e+06,5.372387100209e-06
83,2.832385955600e+06,3.958346515274e-06
84,2.843376802592e+06,3.415337339670e-06
85,3.028646590404e+06,6.473599944428e-06
86,3.080565745570e+06,2.721657575807e-06
87,3.095337194920e+06,4.228294876539e-06
88,3.172578274010e+06,9.350245314815e-06
89,3.208450475613e+06,8.433254931118e-06
90,3.240872437596e+06,2.074685977477e-06
91,3.310724386353e+06,3.954800025738e-06
92,3.312687678297e+06,2.743431426204e-06
93,3.344977741541e+06,1.255175438302e-06
94,3.474613688672e+06,2.786389836282e-06
95,3.640455443791e+06,4.747916481663e-06
96,3.650587632243e+06,4.646786067214e-06
97,3.724120622864e+06,4.534704720014e-06
98,3.822821871963e+06,5.041771288205e-06
99,3.846078282811e+06,4.433692208148e-06
100,3.860377231837e+06,5.220694969952e-06
101,3.891735631727e+06,6.512720889212e-06
102,3.953615515350e+06,3.744284381485e-06
103,3.965126664985e+06,4.032781532513e-06
104,3.988626938073e+06,1.735271954727e-06
105,4.077284218379e+06,7.252874313671e-06
106,4.217094411101e+06,1.950468663923e-06
107,4.297102867225e+06,2.533494747560e-05
108,4.337601982983e+06,7.266705648740e-06
109,4.455540753990e+06,2.071762882161e-06
110,4.509934546146e+06,3.536440106924e-06
111,4.518561705937e+06,4.161013040468e-06
112,4.570938913428e+06,3.308533247692e-06
113,4.592502634661e+06,8.335069651057e-07
114,4.610896331348e+06,8.639563553081e-07
115,4.622714939043e+06,4.966032955498e-06
116,4.627548097488e+06,2.987631846940e-06
117,4.760654023827e+06,5.580835162621e-07
118,4.789503689309e+06,1.187879065147e-06
119,4.814335846346e+06,5.759116969646e-06
120,4.844847241101e+06,5.747429828097e-06
121,4.872735917747e+06,3.373740327715e-06
122,4.876496496226e+06,4.468695966276e-06
123,5.046660002615e+06,1.654952945580e-06
124,5.052490404756e+06,2.584374034413e-06
125,5.100652331143e+06,2.050882118309e-06
126,5.133347276435e+06,1.714473105492e-06
127,5.167508692089e+06,1.826351268064e-06
128,5.243186707486e+06,1.827762222242e-06
129,5.265774642951e+06,5.285462816998e-06
130,5.301020014053e+06,2.847164815427e-06
131,5.327906944956e+06,3.369301039395e-06
132,5.493741237252e+06,2.966751113309e-06
133,5.516642900661e+06,2.275961414152e-06
134,5.532087308306e+06,2.021522657086e-06
135,5.552114703397e+06,1.597962913963e-06
136,5.606475422559e+06,1.599992742247e-06
137,5.624689705423e+06,2.600934897346e-06
138,5.647498185751e+06,3.059252628327e-06
139,5.734769054385e+06,1.079517599664e-05
140,5.775978431221e+06,5.438127462917e-06
141,5.819416971976e+06,1.613256911746e-06
142,5.855934089019e+06,3.293089966459e-06
143,5.915432651384e+06,1.835879737160e-06
144,5.931491329848e+06,4.137102867819e-06
145,5.971450681944e+06,7.124005758829e-06
146,5.975671938235e+06,5.089300962692e-06
147,5.995368377894e+06,5.698798186832e-06
148,6.006838966257e+06,7.314656688305e-06
149,6.175739190656e+06,7.481599209149e-06
150,6.233032545833e+06,4.994372104047e-06
151,6.236071461480e+06,1.768370753527e-06
152,6.371900246460e+06,1.725558863521e-06
153,6.469509098075e+06,2.253109260938e-06
154,6.496239280115e+06,6.204492977522e-06
155,6.535148325424e+06,2.275031564710e-06
156,6.607336834289e+06,2.379039783815e-06
157,6.801421640281e+06,2.615011225371e-06
158,6.818433470620e+06,2.054169111436e-06
159,6.855563479945e+06,2.745086817754e-06
160,6.888973460840e+06,2.679935855808e-06
161,6.899758720428e+06,1.394211144335e-06
162,6.924694507364e+06,6.068558992655e-06
163,7.134226345413e+06,1.567494134908e-06
164,7.188287201519e+06,4.508443702521e-06
165,7.221053399248e+06,2.276160301352e-06
166,7.248625883816e+06,2.717594788830e-06
167,7.285576218848e+06,4.158222186244e-06
168,7.311831296365e+06,3.921438049671e-06
169,7.340592376571e+06,9.487122434811e-06
170,7.353632993163e+06,4.063620141397e-06
171,7.397842595138e+06,1.678751565617e-06
172,7.487898649457e+06,4.456428500632e-06
173,7.535963078618e+06,5.650625252570e-06
174,7.569934341652e+06,2.506797613350e-06
175,7.703272165928e+06,1.293450208689e-05
176,7.739323463734e+06,4.062034886107e-06
177,7.819553900899e+06,7.679502065297e-06
178,7.944091774696e+06,5.343648475048e-06
179,7.966380321598e+06,3.144625854693e-06
180,8.024334074373e+06,3.921226733423e-06
181,8.074207948278e+06,4.736111240718e-06
182,8.119526333728e+06,1.495748304871e-06
183,8.127048778916e+06,5.225025468144e-06
184,8.237552090633e+06,5.372828029148e-06
185,8.245734956548e+06,8.397618381626e-06
186,8.255542813018e+06,3.665708549495e-06
187,8.460745424982e+06,5.136513902455e-06
188,8.495378647029e+06,5.501681765978e-06
189,8.577859781757e+06,4.421537848670e-06
190,8.617649712103e+06,2.706683361496e-06
191,8.706846848647e+06,4.032846115599e-06
192,8.787800122567e+06,7.558574249710e-06
193,8.795991641331e+06,7.150888092771e-06
194,8.821244379697e+06,5.475479089644e-06
195,8.858845586258e+06,3.046827011659e-06
196,8.982738307103e+06,8.300758471310e-06
197,9.137880324234e+06,1.826772353414e-06
198,9.144855150726e+06,6.541460788777e-06
199,9.358517743867e+06,1.056386099238e-06
200,9.423865329292e+06,3.362251638328e-06
201,9.434317717805e+06,3.353278372498e-06
202,9.497532071230e+06,4.620844438928e-06
203,9.559696967170e+06,2.747668895920e-06
204,9.726889960186e+06,6.417940766433e-06
205,9.744269436365e+06,4.672692098211e-06
206,9.865300268001e+06,5.204777609413e-06
207,9.895760222472e+06,3.068051790535e-06
208,9.971134962187e+06,6.858815436150e-06
209,9.995564666266e+06,7.100963199403e-06
210,1.008647881538e+07,1.357047388187e-05
211,1.014029811565e+07,5.105240393272e-06
212,1.019149012022e+07,7.584577907631e-06
213,1.026980851922e+07,5.335488148299e-06
214,1.029656429930e+07,7.138466532936e-06
215,1.035727883214e+07,8.208058612235e-06
216,1.040367777717e+07,5.136275638468e-06
217,1.043762641432e+07,2.746126960905e-06
218,1.049702201995e+07,3.564503515503e-06
219,1.050549029549e+07,2.344333033975e-06
220,1.051267871137e+07,4.336941311089e-06
221,1.068529883270e+07,3.604935216061e-06
222,1.071988803608e+07,4.432690057262e-06
223,1.085660925146e+07,6.986673073627e-06
224,1.095371224436e+07,5.294832416175e-06
225,1.111939034698e+07,5.116488148061e-06
226,1.117324882517e+07,3.736146744761e-06
227,1.133371242555e+07,4.018964126707e-06
228,1.133614993874e+07,2.822836170269e-06
229,1.140570158448e+07,5.835125572619e-06
230,1.146712704309e+07,3.582843913257e-06
231,1.164640235467e+07,4.220603756256e-06
232,1.165620976384e+07,2.437798580730e-06
233,1.168871921250e+07,2.849907621162e-06
234,1.177531315494e+07,8.990221143513e-07
235,1.183546491327e+07,1.448383388145e-06
236,1.187402987010e+07,4.327285403180e-06
237,1.187978046460e+07,4.414854695237e-06
238,1.197436253085e+07,6.900884662528e-06
239,1.206045260187e+07,1.295938308637e-06
240,1.208976296788e+07,2.886035446870e-06
241,1.212485420944e+07,2.273104659956e-06
242,1.213976975903e+07,9.217533514175e-07
243,1.215270086493e+07,4.248544581190e-06
244,1.231195047695e+07,7.331323751464e-06
245,1.234542819971e+07,3.209502980788e-06
246,1.253695840441e+07,1.343273161985e-06
247,1.261042374499e+07,3.633592689869e-06
248,1.262115759266e+07,2.260404886368e-06
249,1.266258530778e+07,2.657162527157e-06
250,1.273456721113e+07,8.984329107354e-06
251,1.275189734371e+07,5.558158250684e-06
252,1.279040115929e+07,6.276955335857e-06
253,1.281304865474e+07,6.078196731796e-06
254,1.294050215829e+07,3.930928595062e-06
255,1.302189975710e+07,1.452868159347e-06
256,1.303372064592e+07,4.899295389194e-06
257,1.318463244832e+07,3.331797146410e-06
258,1.322483603044e+07,2.180413817158e-06
259,1.327029148841e+07,3.445575545256e-06
260,1.330426316792e+07,3.052304665367e-06
261,1.338984523026e+07,5.851626337437e-06
262,1.343899161725e+07,4.568121983360e-06
263,1.347671535434e+07,5.504703211465e-06
264,1.351497530603e+07,2.479071733281e-06
265,1.357369660185e+07,3.665408260436e-06
266,1.361410416367e+07,4.743488844699e-06
267,1.371858429436e+07,6.507464029719e-06
268,1.374203578210e+07,3.579342697848e-06
269,1.377701227226e+07,3.702775885133e-06
270,1.382184979331e+07,4.696754413857e-06
271,1.382619446457e+07,2.951073036679e-06
272,1.390843192764e+07,5.221668810652e-06
273,1.398819596905e+07,6.245523781828e-06
274,1.401484321281e+07,5.872368654265e-06
275,1.411106303025e+07,4.697852169631e-06
276,1.416564814781e+07,3.748242560126e-06
277,1.419682264801e+07,2.895297940603e-06
278,1.424543726772e+07,3.872231206697e-06
279,1.429249899152e+07,3.715619468519e-06
280,1.439102526730e+07,4.722493709515e-06
281,1.441822671604e+07,2.525785171759e-06
282,1.450313730453e+07,3.203805255689e-06
283,1.458176191247e+07,5.005660271688e-06
284,1.467233623274e+07,6.508423415837e-06
285,1.479146304759e+07,4.999296508771e-06
286,1.489569799855e+07,7.402859746431e-06
287,1.490729275893e+07,7.463585050934e-06
288,1.503466103491e+07,6.807619644799e-06
289,1.504284721305e+07,3.755159989038e-06
290,1.508364761289e+07,2.555618495296e-06
291,1.511517708645e+07,4.079252858641e-06
292,1.516110334246e+07,6.710216251912e-06
293,1.519828228316e+07,2.117383392719e-06
294,1.523505184200e+07,3.290110417562e-06
295,1.526376421579e+07,4.450032899909e-06
296,1.530157028572e+07,4.553256913565e-06
297,1.535562543217e+07,2.945108635097e-06
298,1.537197212983e+07,3.565211055471e-06
299,1.545131830652e+07,5.761359377564e-06
300,1.546249873148e+07,3.446910539552e-06
301,1.554237222419e+07,4.611307632024e-06
302,1.563518256456e+07,4.043736493673e-06
303,1.572784740064e+07,3.706215962512e-06
304,1.573741733916e+07,3.167643166674e-06
305,1.585671148276e+07,5.169490901612e-06
306,1.603587206220e+07,6.526148605541e-06
307,1.605957435583e+07,5.632799423136e-06
308,1.614907377937e+07,7.032604293192e-06
309,1.620811196837e+07,4.542423340928e-06
310,1.626025032473e+07,8.680827574250e-06
311,1.636102126329e+07,2.847572091404e-06
312,1.638597467949e+07,3.551918966491e-06
313,1.644754456345e+07,2.981591532554e-06
314,1.648337650484e+07,3.966856621245e-06
315,1.650295603625e+07,5.330437806407e-06
316,1.653466426496e+07,3.824356432798e-06
317,1.657211616606e+07,3.985541379834e-06
318,1.664691041381e+07,3.451101084213e-06
319,1.679168035535e+07,3.108068964731e-06
320,1.681712099955e+07,2.982076625661e-06
321,1.689490882910e+07,4.004283210909e-06
322,1.696020674559e+07,6.292276062651e-06
323,1.697020592222e+07,6.342787901387e-06
324,1.700211807620e+07,5.530861222039e-06
325,1.704244023579e+07,4.639921527811e-06
326,1.707986574132e+07,4.317350023291e-06
327,1.724891490988e+07,4.640204401071e-06
328,1.730034890891e+07,3.323407907448e-06
329,1.733736992739e+07,4.892054635097e-06
330,1.743944396178e+07,7.349835442091e-06
331,1.746863091252e+07,3.219283248138e-06
332,1.753729498634e+07,3.676842037141e-06
333,1.760606433499e+07,4.635511049591e-06
334,1.765222479173e+07,5.374998365670e-06
335,1.770428658283e+07,1.216355614170e-05
336,1.773977070222e+07,4.378650249893e-06
337,1.804062528682e+07,7.270426383377e-06
338,1.807783037771e+07,5.734629115883e-06
339,1.812149566315e+07,2.875422993037e-06
340,1.822610419554e+07,8.625226083794e-06
341,1.827443434581e+07,3.753717418594e-06
342,1.831253305815e+07,9.569284406337e-06
343,1.838500893086e+07,2.865893024054e-06
344,1.845714138294e+07,4.488538200070e-06
345,1.849157676376e+07,5.108757879140e-06
346,1.855881709807e+07,5.110473784028e-06
347,1.871847828982e+07,3.045471363390e-06
348,1.882103618192e+07,5.244220579889e-06
349,1.885207557333e+07,3.343209998734e-06
350,1.893571606926e+07,3.458390472589e-06
351,1.900182399299e+07,4.114664157017e-06
352,1.909832626998e+07,4.346438100070e-06
353,1.919626375026e+07,3.707838850719e-06
354,1.924703390353e+07,5.640243091237e-06
355,1.927007342294e+07,3.783457305813e-06
356,1.951534433068e+07,4.894459647539e-06
357,1.955805327404e+07,5.272102388118e-06
358,1.960079092804e+07,5.122594679455e-06
359,1.965887875010e+07,3.921301214220e-06
360,1.969665199302e+07,7.324300646160e-06
361,1.974698321569e+07,8.759811520123e-06
362,1.993434905029e+07,5.702472710152e-06
363,2.004403484345e+07,4.531436611385e-06
364,2.011511270596e+07,6.870740581165e-06
365,2.012876097788e+07,5.668012642993e-06
366,2.016778230337e+07,8.199295582751e-06
367,2.024818060696e+07,6.079289345845e-06
368,2.041056095600e+07,4.983104348562e-06
369,2.044566396991e+07,5.468336844555e-06
370,2.049688558870e+07,4.142894292322e-06
371,2.049976847441e+07,5.641964687003e-06
372,2.053653120538e+07,1.006490854734e-05
373,2.068862468837e+07,7.337676695288e-06
374,2.073095392784e+07,7.644603607881e-06
375,2.073400567261e+07,7.811118655218e-06
376,2.101684219385e+07,1.970732854150e-05
377,2.116550570945e+07,9.056448815381e-06
378,2.130006734680e+07,1.704601120556e-05
379,2.135870527629e+07,8.681267302980e-06
380,2.137289941146e+07,2.062079180672e-05
381,2.151987736461e+07,7.080695893014e-06
382,2.154378280539e+07,1.220485776666e-05
383,2.161868382025e+07,9.596200158613e-06
384,2.163141523805e+07,5.877175355622e-06
385,2.166508512302e+07,4.749395385128e-06
386,2.175059961166e+07,1.230675247998e-05
387,2.176593749840e+07,7.048175657710e-06
388,2.181507579035e+07,2.893149508423e-06
389,2.194159673809e+07,1.550043488789e-05
390,2.200129531490e+07,1.049969057201e-05
391,2.204929336639e+07,4.323730624748e-06
392,2.219111963341e+07,9.164414255112e-06
393,2.230323710956e+07,6.699829201251e-06
394,2.233182617459e+07,6.194787713645e-06
395,2.243698049804e+07,1.693136040922e-05
396,2.244977371698e+07,9.866287066092e-06
397,2.249796782568e+07,1.109422760549e-05
398,2.257519171370e+07,8.652953929748e-06
399,2.259428419506e+07,9.184370252736e-06
400,2.260793297300e+07,1.413038966024e-05
401,2.273955894664e+07,7.772524185291e-06
402,2.284330733796e+07,1.112780384652e-05
403,2.289556639951e+07,7.074966875574e-06
404,2.297562742171e+07,6.715826058154e-06
405,2.301432367671e+07,8.073921176117e-06
406,2.304857776772e+07,1.249501728384e-05
407,2.313207564985e+07,5.430181130928e-06
408,2.319609358113e+07,7.180017407155e-06
409,2.331460208945e+07,1.105847748146e-05
410,2.340873015108e+07,1.007429628428e-05
411,2.343043627484e+07,1.226299817257e-05
412,2.346969959812e+07,6.935065597496e-06
413,2.356069742779e+07,6.243730989241e-06
414,2.362030800263e+07,6.623501400030e-06
415,2.365566299526e+07,5.349149226630e-06
416,2.376269419457e+07,8.584699139790e-06
417,2.379603911377e+07,7.261902943810e-06
418,2.383008182776e+07,1.556268647580e-05
419,2.392163378945e+07,1.014826546951e-05
420,2.407245367086e+07,8.918990975693e-06
421,2.413909063683e+07,7.903706430074e-06
422,2.418697690583e+07,1.092947481360e-05
423,2.439381181864e+07,7.561452723542e-06
424,2.443208822945e+07,1.027535183110e-05
425,2.451620333780e+07,8.335440411174e-06
426,2.461269907802e+07,1.241760760630e-05
427,2.464070827658e+07,7.663630814160e-06
428,2.472071320456e+07,6.343439050960e-06
429,2.475216105109e+07,7.094315294563e-06
430,2.476883760298e+07,5.819507569407e-06
431,2.483655110341e+07,8.957752233831e-06
432,2.498830391217e+07,7.941024750016e-06
433,2.505963348787e+07,1.789763531158e-06
434,2.508509912204e+07,9.585220874230e-06
435,2.512910840760e+07,6.565761852621e-06
436,2.513668933401e+07,6.121916532757e-06
437,2.519484571563e+07,9.349258516305e-06
438,2.528419644668e+07,8.004131438132e-06
439,2.533091467035e+07,7.539694794863e-06
440,2.537766197170e+07,4.201976966447e-06
441,2.548614315880e+07,7.218254768277e-06
442,2.552975619198e+07,6.422513964553e-06
443,2.557145164848e+07,1.231985614626e-05
444,2.563941580473e+07,1.082077602646e-05
445,2.581081687205e+07,4.683247867034e-06
446,2.591749653395e+07,2.387512582676e-06
447,2.596193357378e+07,1.541960965526e-05
448,2.599363173714e+07,1.500044602029e-05
449,2.608638948562e+07,1.062756052420e-05
450,2.614906879227e+07,6.872126780382e-06
451,2.620554966563e+07,8.719222750005e-06
452,2.627048637935e+07,1.134259873857e-05
453,2.632535466459e+07,8.818999620840e-06
454,2.636950238609e+07,8.773639412701e-06
455,2.638733281187e+07,9.176796587849e-06
456,2.646135776010e+07,7.858864681711e-06
457,2.652755891073e+07,3.447561141803e-06
458,2.661546273868e+07,1.086783248322e-05
459,2.674420616188e+07,7.222512786885e-06
460,2.686522164126e+07,4.891753126867e-06
461,2.694124487263e+07,5.312515144152e-06
462,2.706354981047e+07,7.847024203771e-06
463,2.709967016471e+07,4.906846501968e-06
464,2.711027727667e+07,4.526388563623e-06
465,2.724718849179e+07,8.606382805849e-06
466,2.727090720104e+07,5.315784648089e-06
467,2.735337420374e+07,6.969022777997e-06
468,2.736315332266e+07,7.032547978214e-06
469,2.741097362740e+07,4.710482760949e-06
470,2.749221278177e+07,6.692161075970e-06
471,2.774941945542e+07,9.437445629979e-06
472,2.785654148672e+07,5.443985396177e-06
473,2.791443212563e+07,3.789235847030e-06
474,2.795640840480e+07,4.831289937985e-06
475,2.800538227321e+07,6.189348036668e-06
476,2.813062067037e+07,6.166744896729e-06
477,2.832691596911e+07,1.467425387299e-05
478,2.834950018569e+07,6.282754841237e-06
479,2.840422815432e+07,1.134581305816e-05
480,2.857644605264e+07,5.856047579636e-06
481,2.860001712156e+07,7.139137653919e-06
482,2.862784989742e+07,5.460661172763e-06
483,2.874152730568e+07,7.871307207634e-06
484,2.876109262077e+07,1.093897874540e-05
485,2.883481662009e+07,6.421794535811e-06
486,2.884723119498e+07,9.487038798260e-06
487,2.889194063531e+07,8.031901618407e-06
488,2.893443758695e+07,7.407992514660e-06
489,2.904428758507e+07,7.699849758436e-06
490,2.907136040957e+07,1.121351379793e-05
491,2.913472026297e+07,8.696446938573e-06
492,2.917340307247e+07,8.489791073805e-06
493,2.926663851305e+07,9.579418386130e-06
494,2.932780560019e+07,1.089846991044e-05
495,2.938538501676e+07,1.008909189888e-05
496,2.943077198193e+07,9.048143295192e-06
497,2.950633147974e+07,7.548805249453e-06
498,2.954461002564e+07,8.658787095015e-06
499,2.956347967426e+07,7.068710124933e-06
500,2.958857123847e+07,7.084129740805e-06
501,2.968396404014e+07,9.992584366689e-06
502,2.973985035249e+07,5.096588667789e-06
503,2.979929053210e+07,6.149451187855e-06
504,3.002405345775e+07,7.584905661913e-06
505,3.012528281599e+07,3.780263870859e-06
506,3.021913107203e+07,9.798697527502e-06
507,3.024957257856e+07,6.759126360013e-06
508,3.029594699062e+07,6.736663522930e-06
509,3.049326686104e+07,7.949925428595e-06
510,3.051119628724e+07,5.158059983100e-06
511,3.054509808421e+07,5.645040135316e-06
512,3.065247143986e+07,1.246249620201e-05
513,3.070270614369e+07,9.206289391556e-06
514,3.072715344432e+07,1.138588450377e-05
515,3.089563241154e+07,1.318567605152e-05
516,3.091049765292e+07,1.511820857064e-05
517,3.096036912354e+07,8.757148328659e-06
518,3.103240883509e+07,5.690588875300e-06
519,3.106773664107e+07,1.155533232107e-05
520,3.109994979300e+07,1.037951225146e-05
521,3.117767922697e+07,6.634273882411e-06
522,3.138539573992e+07,7.396999905165e-06
523,3.151461072621e+07,9.125333692464e-06
524,3.168941380666e+07,7.341360627645e-06
525,3.173557467997e+07,7.385951645022e-06
526,3.180255940433e+07,5.551909500162e-06
527,3.188623671241e+07,1.075926964918e-05
528,3.206440367449e+07,7.143573365115e-06
529,3.215088203212e+07,1.209871412939e-05
530,3.232181604250e+07,8.135576656598e-06
531,3.235125301219e+07,1.246094537162e-05
532,3.242760139755e+07,1.218362473388e-05
533,3.255795831899e+07,7.771771905375e-06
534,3.258078078053e+07,7.512768667076e-06
535,3.267678961576e+07,8.606209972420e-06
536,3.277322893905e+07,9.926861659609e-06
537,3.295440535763e+07,3.777159656924e-06
538,3.306781572981e+07,8.270283513003e-06
539,3.322741094163e+07,7.946393997333e-06
540,3.326088450385e+07,8.276539897243e-06
541,3.334981404834e+07,7.211060929880e-06
542,3.343155214789e+07,7.453359599517e-06
543,3.352875400356e+07,6.225542945573e-06
544,3.355593717617e+07,9.235991347118e-06
545,3.370197360557e+07,9.360444329236e-06
546,3.385508712433e+07,1.274096847971e-05
547,3.397498514682e+07,9.558445191351e-06
548,3.403951237400e+07,1.234020704404e-05
549,3.406583643478e+07,1.413009085308e-05
550,3.420230104680e+07,9.369191341135e-06
551,3.425461512095e+07,9.958297050226e-06
552,3.428848820793e+07,1.212352369768e-05
553,3.443522058759e+07,9.327570932558e-06
554,3.455732688756e+07,1.204558689590e-05
555,3.466159456796e+07,8.715381159275e-06
556,3.472983270366e+07,7.054441251558e-06
557,3.485329386312e+07,1.415532509363e-05
558,3.488078018397e+07,1.079094603225e-05
559,3.499814949478e+07,7.149920336185e-06
560,3.506180649795e+07,1.673950305349e-05
561,3.512606449974e+07,9.859064087820e-06
562,3.516385701251e+07,7.147326526487e-06
563,3.521974188168e+07,8.263464072815e-06
564,3.532046816330e+07,9.817974936978e-06
565,3.533510591088e+07,7.961643162069e-06
566,3.542651026267e+07,8.028603355603e-06
567,3.554922439260e+07,6.571324487224e-06
568,3.563182784377e+07,5.603905206471e-06
569,3.575290818667e+07,1.169681291334e-05
570,3.587894760297e+07,7.617997992853e-06
571,3.595693594839e+07,9.037160005257e-06
572,3.604012520301e+07,7.915357528520e-06
573,3.612632673679e+07,7.903831286302e-06
574,3.616782846873e+07,1.240439870608e-05
575,3.622890189525e+07,2.183172872228e-05
576,3.628317457259e+07,2.223995703404e-05
577,3.632610053959e+07,1.475608435493e-05
578,3.650326809715e+07,1.652867885641e-05
579,3.668247357414e+07,1.161974417777e-05
580,3.676507930187e+07,1.121304434069e-05
581,3.677718011365e+07,1.232078791361e-05
582,3.689057652422e+07,8.984786805763e-06
583,3.694401108134e+07,1.140775353738e-05
584,3.699012735889e+07,1.144615099236e-05
585,3.705794333385e+07,9.751390212925e-06
586,3.707788356800e+07,1.078772447464e-05
587,3.717276252148e+07,1.738913572673e-05
588,3.723741825626e+07,1.276036645233e-05
589,3.743137029460e+07,9.371371492765e-06
590,3.747779515920e+07,1.239515548382e-05
591,3.759326484440e+07,1.498136187879e-05
592,3.769639547963e+07,8.364113123121e-06
593,3.786536727397e+07,9.972499048636e-06
594,3.787699259907e+07,9.943550920620e-06
595,3.797294617315e+07,1.176354372794e-05
596,3.806703497069e+07,1.103791716565e-05
597,3.823269744788e+07,1.040832214135e-05
598,3.827732532686e+07,1.003618252847e-05
599,3.837742326952e+07,1.325070908382e-05
600,3.845116214863e+07,1.075305773584e-05
601,3.847965843802e+07,1.053341249717e-05
602,3.859153591873e+07,1.175007972545e-05
603,3.874258116651e+07,1.212864560564e-05
604,3.874814706238e+07,1.041830993920e-05
605,3.883827262050e+07,1.177764093737e-05
606,3.892143583357e+07,1.195677205288e-05
607,3.893319433944e+07,1.352875596168e-05
608,3.905028603591e+07,1.271308153042e-05
609,3.919821942404e+07,1.141961048833e-05
610,3.927168496191e+07,1.136546692667e-05
611,3.939355854391e+07,7.845365694065e-06
612,3.960672742578e+07,8.728606594327e-06
613,3.976227162295e+07,1.083657431980e-05
614,3.977642414973e+07,1.326789830979e-05
615,3.980791147867e+07,1.533274209686e-05
616,3.989476234532e+07,8.196073816704e-06
617,4.005715881521e+07,7.874465318928e-06
618,4.027384321623e+07,1.103951939787e-05
619,4.034575545546e+07,1.226018221539e-05
620,4.038095911213e+07,8.596579186093e-06
621,4.042795905868e+07,1.103825887608e-05
622,4.060065464380e+07,8.130504640833e-06
623,4.062873829233e+07,1.064003696385e-05
624,4.079854845927e+07,1.235379882344e-05
625,4.103091297899e+07,1.540248546066e-05
626,4.120820263495e+07,1.325566461032e-05
627,4.141312024060e+07,1.309864172102e-05
628,4.148820379413e+07,8.507185367397e-06
629,4.160650358698e+07,1.174587168725e-05
630,4.170801033695e+07,9.863101951751e-06
631,4.184215052334e+07,9.818229190484e-06
632,4.189704452866e+07,1.106375112745e-05
633,4.200590276811e+07,1.118656099292e-05
634,4.212534278801e+07,1.390459566916e-05
635,4.238853658430e+07,1.363444940614e-05
636,4.242779554440e+07,8.693082184699e-06
637,4.243139643840e+07,1.236703815331e-05
638,4.253313506784e+07,8.732901869040e-06
639,4.268082179689e+07,1.113139410950e-05
640,4.271510036236e+07,9.236493445006e-06
641,4.276351286535e+07,8.334312909946e-06
642,4.288979745365e+07,1.288734602171e-05
643,4.294778674593e+07,1.867286389215e-05
644,4.336776754182e+07,1.429052117984e-05
645,4.340385786296e+07,2.009077717170e-05
646,4.346501572806e+07,1.214932553645e-05
647,4.363004335775e+07,1.037449850560e-05
648,4.377535593472e+07,1.540745825657e-05
649,4.385033811106e+07,1.128164474736e-05
650,4.391822537427e+07,1.337529790386e-05
651,4.403338829682e+07,1.282741316234e-05
652,4.406927815262e+07,1.252505230802e-05
653,4.421377838694e+07,1.706137251754e-05
654,4.429194003916e+07,1.233228845117e-05
655,4.450682260139e+07,1.397340556807e-05
656,4.453646312574e+07,1.455016111114e-05
657,4.468144208035e+07,1.401337042424e-05
658,4.478685967796e+07,1.174023160206e-05
659,4.482498560199e+07,1.241596046371e-05
660,4.485959018946e+07,1.398230698755e-05
661,4.497146334772e+07,1.548318820469e-05
662,4.521270371013e+07,1.472240938609e-05
663,4.542063548676e+07,9.714640761691e-06
664,4.548030109225e+07,2.142482380682e-05
665,4.550234519546e+07,1.149895500679e-05
666,4.578463956598e+07,1.660433685851e-05
667,4.597477209795e+07,1.522704425769e-05
668,4.607270978999e+07,1.588825141015e-05
669,4.614955704580e+07,1.317831851273e-05
670,4.627998660542e+07,1.214065936995e-05
671,4.633596195443e+07,1.482086252115e-05
672,4.648676986879e+07,1.659879328179e-05
673,4.667481924737e+07,1.649528039197e-05
674,4.677202905809e+07,1.284468303939e-05
675,4.700680555503e+07,1.259790899183e-05
676,4.716792751794e+07,1.342132991243e-05
677,4.736967775505e+07,1.381915650808e-05
678,4.744982690528e+07,1.254911311611e-05
679,4.753574810071e+07,1.499149613938e-05
680,4.765056810480e+07,1.396103510552e-05
681,4.780009927855e+07,1.437417330667e-05
682,4.794246780467e+07,1.766609047976e-05
683,4.810325097918e+07,1.520389995103e-05
684,4.811963395801e+07,1.552131546942e-05
685,4.829210226839e+07,1.165419858894e-05
686,4.844739007280e+07,1.677456638595e-05
687,4.875514772431e+07,1.763917809294e-05
688,4.887242302094e+07,3.442802865830e-05
689,4.910080059284e+07,2.628439395386e-05
690,4.924587094322e+07,1.646109611484e-05
691,4.940341987549e+07,1.716756284584e-05
692,4.953811735606e+07,1.626245830568e-05
693,4.973418021338e+07,1.495329220593e-05
694,4.992249724825e+07,1.155235122761e-05
695,4.999770788351e+07,1.501319119909e-05
696,5.005590022933e+07,1.039757853592e-05
697,5.021933612946e+07,1.215116615540e-05
698,5.033159687682e+07,1.741150245981e-05
699,5.042996391479e+07,1.497284479521e-05
700,5.065870320884e+07,1.877136280914e-05
701,5.080119237755e+07,2.102750515434e-05
702,5.091743932130e+07,1.159367560504e-05
703,5.099876962534e+07,1.838862277264e-05
704,5.111763234785e+07,1.638910799454e-05
705,5.125911616855e+07,1.636713689959e-05
706,5.145878725765e+07,1.634034850112e-05
707,5.149294231834e+07,1.594110165978e-05
708,5.159959130769e+07,2.359454008572e-05
709,5.178358892062e+07,1.163813734321e-05
710,5.188717596132e+07,1.691578606912e-05
711,5.200541136247e+07,2.472589117835e-05
712,5.251437342463e+07,1.807894920742e-05
713,5.259041700749e+07,1.545669438188e-05
714,5.281686796921e+07,1.548789676781e-05
715,5.284165816808e+07,1.339645371715e-05
716,5.319836029589e+07,1.895010082414e-05
717,5.331804541022e+07,1.852288814938e-05
718,5.359933189380e+07,1.844860929788e-05
719,5.367121769052e+07,1.919715550120e-05
720,5.396920090238e+07,1.489137170325e-05
721,5.445621600369e+07,2.187444577781e-05
722,5.460406433235e+07,1.604042223934e-05
723,5.469042317249e+07,2.262215210500e-05
724,5.473594564390e+07,1.683642722654e-05
725,5.480426828757e+07,2.327861355130e-05
726,5.506111181495e+07,1.401112151882e-05
727,5.509204683516e+07,1.732726430670e-05
728,5.529913346487e+07,1.694093059039e-05
729,5.538613152940e+07,1.657759624441e-05
730,5.553998416301e+07,1.654053611914e-05
731,5.581770157683e+07,1.883721810181e-05
732,5.594582382619e+07,1.965367394673e-05
733,5.601580236065e+07,1.805609422012e-05
734,5.611197062110e+07,1.792123725044e-05
735,5.637365987123e+07,1.706513338521e-05
736,5.660398826268e+07,1.743753583670e-05
737,5.680482621124e+07,1.759427312268e-05
738,5.699775171034e+07,1.941329558160e-05
739,5.725790084494e+07,2.211405573391e-05
740,5.736045950626e+07,1.788572126381e-05
741,5.745590746905e+07,1.925237199822e-05
742,5.756927701804e+07,1.707704257793e-05
743,5.770229384967e+07,1.700187702999e-05
744,5.808462824541e+07,1.543239603844e-05
745,5.826433109413e+07,1.441299567570e-05
746,5.832838659087e+07,1.636484157538e-05
747,5.835572446417e+07,1.459323397523e-05
748,5.849151593628e+07,1.798353247706e-05
749,5.867933973762e+07,1.591202024626e-05
750,5.872951416276e+07,1.904120453707e-05
751,5.909327101691e+07,1.762069543148e-05
752,5.924953477052e+07,1.677308299287e-05
753,5.935672528760e+07,1.703730296190e-05
754,5.946759615218e+07,2.205795308219e-05
755,5.970041163684e+07,1.720787102837e-05
756,5.978108735135e+07,1.590497452905e-05
757,5.981442317872e+07,1.714004958958e-05
758,5.997276592632e+07,1.708134695025e-05
759,6.001913789677e+07,2.907551726336e-05
760,6.018340570458e+07,2.048607578884e-05
761,6.042785980702e+07,1.989347831232e-05
762,6.055550478101e+07,2.064681675714e-05
763,6.077335104994e+07,1.950365079833e-05
764,6.097486667123e+07,2.289804321969e-05
765,6.107626453282e+07,2.264493567142e-05
766,6.112738366422e+07,3.231794129767e-05
767,6.143378222608e+07,2.574707069555e-05
768,6.147193305334e+07,1.859586012256e-05
769,6.167023902117e+07,2.062573561665e-05
770,6.178859660055e+07,2.225515659980e-05
771,6.192959768352e+07,2.154655365486e-05
772,6.213585591780e+07,2.133045025956e-05
773,6.234444380468e+07,2.117477015539e-05
774,6.250700990253e+07,1.985417585350e-05
775,6.255000637691e+07,2.036657336599e-05
776,6.279055845842e+07,1.959919752965e-05
777,6.283560185342e+07,2.027306287874e-05
778,6.300225431398e+07,1.885408756927e-05
779,6.313397901043e+07,2.038022744521e-05
780,6.339583539567e+07,1.784759965632e-05
781,6.355763741963e+07,1.971670363775e-05
782,6.371216826472e+07,2.259018084215e-05
783,6.380735083059e+07,1.853533341903e-05
784,6.385362092030e+07,1.812301318138e-05
785,6.392148098911e+07,2.360774930081e-05
786,6.416729978252e+07,1.994102516232e-05
787,6.441153038891e+07,1.628588992826e-05
788,6.459865842052e+07,2.192152203781e-05
789,6.471792419370e+07,1.832830795218e-05
790,6.474903460014e+07,1.816512581397e-05
791,6.486879886870e+07,2.361637478070e-05
792,6.522037658600e+07,1.600938793166e-05
793,6.533815356247e+07,2.367362920240e-05
794,6.553563999317e+07,1.895796632306e-05
795,6.558325617558e+07,1.960228321143e-05
796,6.559807477328e+07,2.201478438458e-05
797,6.583362376247e+07,1.500785189880e-05
798,6.609770233703e+07,2.076114713377e-05
799,6.626296795771e+07,3.244026031054e-05
800,6.646878226119e+07,2.185282489143e-05
801,6.658153388445e+07,3.704261927853e-05
802,6.684881215415e+07,2.367020961661e-05
803,6.725647342959e+07,1.858488836895e-05
804,6.742947603463e+07,2.397865997067e-05
805,6.750420033799e+07,1.870525643593e-05
806,6.762039664774e+07,1.872027790886e-05
807,6.784890425061e+07,2.061672010782e-05
808,6.805090764793e+07,1.820223083002e-05
809,6.840688903374e+07,2.060309389425e-05
810,6.852267766198e+07,1.965693857022e-05
811,6.859425614612e+07,1.660551291953e-05
812,6.870293513921e+07,1.475451629896e-05
813,6.877585620531e+07,2.084541285089e-05
814,6.898649759551e+07,2.223771689138e-05
815,6.910543710224e+07,1.541883888136e-05
816,6.931223677029e+07,2.197129470715e-05
817,6.957313572816e+07,2.308574862963e-05
818,6.965942426989e+07,2.111093918283e-05
819,6.974942718002e+07,2.140893036321e-05
820,6.993940703559e+07,1.790427714698e-05
821,7.001464884002e+07,2.087190952676e-05
822,7.027059977181e+07,1.721954359467e-05
823,7.039674292380e+07,2.695328951284e-05
824,7.068224734795e+07,1.970851029581e-05
825,7.090245559016e+07,2.138155852398e-05
826,7.096681492733e+07,2.435293579207e-05
827,7.115381752447e+07,1.696781045905e-05
828,7.146176523351e+07,1.452354497142e-05
829,7.162806238731e+07,1.692303942120e-05
830,7.165970115262e+07,2.020732384936e-05
831,7.203929314976e+07,2.237056305744e-05
832,7.248237166828e+07,1.467927397711e-05
833,7.252792307058e+07,1.951267336382e-05
834,7.278545456202e+07,1.638972317249e-05
835,7.294168409442e+07,1.942972238036e-05
836,7.329890193279e+07,1.872963185674e-05
837,7.350395626747e+07,1.996776395335e-05
838,7.374052729990e+07,1.740477333989e-05
839,7.389508414829e+07,1.796190773409e-05
840,7.424427612858e+07,2.141585379531e-05
841,7.442400351248e+07,2.285879097992e-05
842,7.476496725825e+07,1.425908364921e-05
843,7.506553889690e+07,2.431642053360e-05
844,7.524828509297e+07,2.461386733926e-05
845,7.537427471960e+07,2.042551762659e-05
846,7.576953855677e+07,2.461858774335e-05
847,7.601677520553e+07,1.905486665652e-05
848,7.611947981752e+07,1.890588794795e-05
849,7.636843406525e+07,2.148848746851e-05
850,7.670251751606e+07,2.231213095626e-05
851,7.677714029604e+07,2.073129271596e-05
852,7.722093123847e+07,2.334368012301e-05
853,7.752853623646e+07,1.782217592035e-05
854,7.760854488688e+07,2.265864638344e-05
855,7.780891658585e+07,2.325342432481e-05
856,7.814701488716e+07,2.325782641733e-05
857,7.816983175736e+07,2.024795877625e-05
858,7.835308192332e+07,2.339055324914e-05
859,7.872838509964e+07,2.164492380233e-05
860,7.885159891724e+07,2.212787614688e-05
861,7.895793068966e+07,1.869194196952e-05
862,7.923184671843e+07,1.997866387516e-05
863,7.975118989641e+07,2.474641852457e-05
864,7.988234926943e+07,1.644976218201e-05
865,7.997681523386e+07,2.151374033039e-05
866,8.004742570308e+07,2.185153700252e-05
867,8.035173196625e+07,1.994609807217e-05
868,8.058614614223e+07,2.196173519100e-05
869,8.082419939694e+07,1.655601423231e-05
870,8.117004031653e+07,2.547242895114e-05
871,8.136674068163e+07,2.242432215911e-05
872,8.167648695784e+07,2.231318470550e-05
873,8.172701319724e+07,2.890972482386e-05
874,8.209920874172e+07,1.788157453147e-05
875,8.224024588520e+07,2.054876225781e-05
876,8.245537745414e+07,2.126748659436e-05
877,8.260615631168e+07,2.231744089613e-05
878,8.292447145871e+07,2.498015963471e-05
879,8.318981390813e+07,2.191648448517e-05
880,8.349960244658e+07,2.225733851432e-05
881,8.381518388131e+07,2.252582713570e-05
882,8.410565654586e+07,2.016145793711e-05
883,8.417899469412e+07,1.768063012501e-05
884,8.435853494934e+07,2.154224146590e-05
885,8.447517666281e+07,1.929154978065e-05
886,8.457409240087e+07,1.971884132194e-05
887,8.491362906324e+07,1.915657898305e-05
888,8.517678059292e+07,2.456547305200e-05
889,8.549554897095e+07,2.630613926385e-05
890,8.559788215013e+07,2.662216916248e-05
891,8.577080647531e+07,2.485578177112e-05
892,8.603195248909e+07,2.004501746530e-05
893,8.647665746486e+07,2.077323834124e-05
894,8.691906301594e+07,2.143647655976e-05
895,8.722261840198e+07,2.044659671941e-05
896,8.733181186508e+07,2.188519675435e-05
897,8.736461576284e+07,2.136608293726e-05
898,8.767566013230e+07,2.034997007424e-05
899,8.813090978414e+07,1.944713985904e-05
900,8.819689701933e+07,2.304607415013e-05
901,8.868479414094e+07,2.220915067336e-05
902,8.881261612147e+07,2.403438371103e-05
903,8.905151917210e+07,2.680303190223e-05
904,8.950916872416e+07,2.712917669147e-05
905,8.972145929730e+07,2.056337777576e-05
906,9.009716077465e+07,2.548844054750e-05
907,9.024425841093e+07,2.595327120619e-05
908,9.043781703693e+07,2.196413682877e-05
909,9.054877523991e+07,2.146116545884e-05
910,9.075623546534e+07,2.227203086327e-05
911,9.107926381763e+07,2.689080457713e-05
912,9.148651697042e+07,2.397722984014e-05
913,9.165372443852e+07,2.413021133251e-05
914,9.179084840062e+07,2.030437988789e-05
915,9.212485397552e+07,2.247240018168e-05
916,9.228881974869e+07,2.594278950794e-05
917,9.272117713085e+07,2.324273281395e-05
918,9.305878855653e+07,2.359710676943e-05
919,9.323848378475e+07,2.103835426201e-05
920,9.336907965288e+07,2.758008302321e-05
921,9.369892232018e+07,2.334153054556e-05
922,9.400779778615e+07,2.431322265478e-05
923,9.436849332950e+07,2.060259344343e-05
924,9.446144339533e+07,1.922960446606e-05
925,9.470614191509e+07,2.243677023814e-05
926,9.511948493052e+07,2.240183583328e-05
927,9.529656933431e+07,2.102179253985e-05
928,9.574729215440e+07,2.441318601351e-05
929,9.610153868420e+07,2.046017997637e-05
930,9.619991575072e+07,2.234631982358e-05
931,9.654795218753e+07,2.537041199093e-05
932,9.686968047830e+07,2.429870124900e-05
933,9.729410539046e+07,2.495385465069e-05
934,9.763570195556e+07,1.871292812038e-05
935,9.788957168116e+07,2.376524535840e-05
936,9.813557364000e+07,3.063870017556e-05
937,9.852199034415e+07,1.889743791635e-05
938,9.893138749378e+07,1.840194350511e-05
939,9.923358418562e+07,2.186330149380e-05
940,9.938775480519e+07,2.360491273923e-05
941,9.947937423002e+07,2.038271553312e-05
942,1.000799538610e+08,2.248355475068e-05
943,1.003908730823e+08,2.064835084524e-05
944,1.005932285569e+08,2.430443548773e-05
945,1.008060821785e+08,2.171492444219e-05
946,1.008836476685e+08,2.980456377302e-05
947,1.013970886766e+08,2.160599623168e-05
948,1.017201231898e+08,2.020088005525e-05
949,1.020596442514e+08,2.217343434982e-05
950,1.024767790125e+08,2.126529621998e-05
951,1.030873030501e+08,2.291754313540e-05
952,1.036842571164e+08,2.314197852737e-05
953,1.037823799070e+08,2.147387987977e-05
954,1.041856605918e+08,2.418408983027e-05
955,1.049228489979e+08,2.074423803882e-05
956,1.053153944978e+08,2.194991388599e-05
957,1.055441815005e+08,2.197836173914e-05
958,1.061528456557e+08,2.362659475978e-05
959,1.075675125960e+08,2.209084471579e-05
960,1.079975693066e+08,2.103675459884e-05
961,1.081863450144e+08,2.214435580356e-05
962,1.085314617789e+08,2.157796822731e-05
963,1.089391282468e+08,2.266351198442e-05
964,1.094125320782e+08,2.003590000667e-05
965,1.097540773268e+08,2.298616390132e-05
966,1.102660679233e+08,2.164038484320e-05
967,1.116326452905e+08,2.266756107539e-05
968,1.118096132549e+08,2.496393232005e-05
969,1.121536561384e+08,2.966850384769e-05
970,1.131515484017e+08,2.202874578877e-05
971,1.133687943241e+08,2.306813576784e-05
972,1.141549005701e+08,2.151237430369e-05
973,1.142022523676e+08,2.505848856634e-05
974,1.146717997523e+08,2.264533971699e-05
975,1.161601066318e+08,2.387620479013e-05
976,1.163682214341e+08,2.814617276363e-05
977,1.171183735886e+08,2.774048148616e-05
978,1.172980183141e+08,2.693512974289e-05
979,1.176688201760e+08,2.417133791402e-05
980,1.177727733672e+08,2.374281179332e-05
981,1.181827804044e+08,2.622824056230e-05
982,1.183655557578e+08,3.112986226803e-05
983,1.188730472034e+08,3.302428219061e-05
984,1.198757209248e+08,2.625853568192e-05
985,1.203600627121e+08,2.312417248801e-05
986,1.207280530758e+08,2.468243162298e-05
987,1.212056032517e+08,2.555545916548e-05
988,1.218265129115e+08,2.415815787152e-05
989,1.223192931548e+08,2.916895144483e-05
990,1.226756806917e+08,2.356563119348e-05
991,1.229928166940e+08,2.551561716248e-05
992,1.232906590727e+08,3.184131280577e-05
993,1.237480810410e+08,2.570631239125e-05
994,1.244541539220e+08,2.470609265218e-05
995,1.248533482512e+08,2.297201719086e-05
996,1.253622451443e+08,2.277056510737e-05
997,1.263018637615e+08,2.413867346140e-05
998,1.265056419346e+08,2.196369983275e-05
999,1.272795495624e+08,2.532775972523e-05
1000,1.278313573327e+08,2.543680674466e-05
1001,1.282805058238e+08,2.726755253380e-05
1002,1.284321407067e+08,2.321344316273e-05
1003,1.292429776147e+08,2.213147158239e-05
1004,1.296212263147e+08,2.363137517811e-05
1005,1.299900227413e+08,2.402471115514e-05
1006,1.302220905977e+08,2.176372905101e-05
1007,1.303082766768e+08,2.347034765087e-05
1008,1.307608382655e+08,2.224390260200e-05
1009,1.314317960443e+08,2.211907482016e-05
1010,1.318158505641e+08,2.244762267790e-05
1011,1.319636174851e+08,2.522127741266e-05
1012,1.325126356628e+08,2.277030646831e-05
1013,1.329602691803e+08,2.326555840336e-05
1014,1.335129223748e+08,2.392905986319e-05
1015,1.341741470237e+08,2.248254946564e-05
1016,1.344515857637e+08,2.169272100424e-05
1017,1.349796823799e+08,2.308322601096e-05
1018,1.356841039687e+08,2.484185687841e-05
1019,1.361591937701e+08,2.510242117028e-05
1020,1.362392416812e+08,2.258015713502e-05
1021,1.363903616477e+08,2.669403052155e-05
1022,1.366158155569e+08,2.241096494516e-05
1023,1.368867212552e+08,2.313714899339e-05
1024,1.375356237734e+08,2.350473249069e-05
1025,1.380558692892e+08,2.327492687010e-05
1026,1.386631280534e+08,2.510586596377e-05
1027,1.388173286288e+08,2.393173066674e-05
1028,1.389818333897e+08,2.567939727628e-05
1029,1.397518499229e+08,2.386078951851e-05
1030,1.402233249817e+08,2.173473721816e-05
1031,1.403932222592e+08,2.333635444078e-05
1032,1.406209731080e+08,2.640781175200e-05
1033,1.410637533010e+08,2.368725365239e-05
1034,1.415535655420e+08,2.248708284279e-05
1035,1.419482855007e+08,2.537669720090e-05
1036,1.423881959466e+08,2.202565729358e-05
1037,1.427684371613e+08,2.555574031995e-05
1038,1.431577663532e+08,2.339515809716e-05
1039,1.433772649137e+08,2.445533304908e-05
1040,1.437794533879e+08,2.333861505868e-05
1041,1.441161573447e+08,2.345634764343e-05
1042,1.449129721996e+08,2.189864354612e-05
1043,1.453096417442e+08,2.341439906794e-05
1044,1.457287140518e+08,2.342906311256e-05
1045,1.462917024600e+08,2.343357796258e-05
1046,1.469103498637e+08,2.360455551174e-05
1047,1.471265887220e+08,2.206271551155e-05
1048,1.473024931074e+08,2.202891289609e-05
1049,1.474797090127e+08,2.114476958446e-05
1050,1.480101418918e+08,2.199430315002e-05
1051,1.487587200493e+08,2.218350057518e-05
1052,1.492147675257e+08,2.475169664015e-05
1053,1.497526231008e+08,2.384223459188e-05
1054,1.501004267523e+08,2.414901856841e-05
1055,1.505105643389e+08,2.247136554237e-05
1056,1.509033531226e+08,2.344329253458e-05
1057,1.510314704191e+08,2.800081603757e-05
1058,1.515368761982e+08,2.298233384077e-05
1059,1.517632905522e+08,2.175518378123e-05
1060,1.521528086909e+08,2.128781098745e-05
1061,1.528896767918e+08,2.190160941813e-05
1062,1.534715473818e+08,2.441412168855e-05
1063,1.538052485562e+08,2.337604691835e-05
1064,1.546330400506e+08,2.253152689257e-05
1065,1.549464552093e+08,2.303249981154e-05
1066,1.550370581690e+08,2.231898744707e-05
1067,1.553839610441e+08,2.139972994571e-05
1068,1.556922146482e+08,2.388129633346e-05
1069,1.562468500373e+08,2.351465973367e-05
1070,1.570172351539e+08,2.241657609721e-05
1071,1.571535184118e+08,2.368341095185e-05
1072,1.576377033360e+08,2.296631877696e-05
1073,1.582466259075e+08,2.254543224692e-05
1074,1.587798382352e+08,2.356057342269e-05
1075,1.592531984727e+08,2.451208944765e-05
1076,1.595742945814e+08,2.328132978092e-05
1077,1.605305962114e+08,2.307295052843e-05
1078,1.608196943225e+08,2.412771298668e-05
1079,1.612972991328e+08,2.392776150678e-05
1080,1.619402726852e+08,2.321330587722e-05
1081,1.622328497563e+08,2.076913539920e-05
1082,1.625224373595e+08,2.308475864037e-05
1083,1.629950341266e+08,2.229581001946e-05
1084,1.631797925732e+08,2.281643256164e-05
1085,1.637035116317e+08,2.085712585248e-05
1086,1.640781966906e+08,2.407991884597e-05
1087,1.649827532222e+08,2.339509332205e-05
1088,1.652213037470e+08,2.464492803258e-05
1089,1.663447862861e+08,2.830118661751e-05
1090,1.664587891518e+08,2.313677990255e-05
1091,1.673477773410e+08,2.331773302209e-05
1092,1.674675633186e+08,2.058557914308e-05
1093,1.677481215752e+08,2.082723611889e-05
1094,1.687859147284e+08,2.477707076608e-05
1095,1.694480193723e+08,2.417881790658e-05
1096,1.699055070255e+08,2.381523772774e-05
1097,1.701767755086e+08,2.566806629888e-05
1098,1.709377067956e+08,2.470586821904e-05
1099,1.716182668519e+08,2.668487014955e-05
1100,1.718882635400e+08,2.538851452304e-05
1101,1.727336679595e+08,2.509843124604e-05
1102,1.735723989274e+08,2.334513032495e-05
1103,1.744054048001e+08,2.598410008662e-05
1104,1.751110676125e+08,2.351476802672e-05
1105,1.759195210287e+08,2.502786227634e-05
1106,1.762244226339e+08,2.849723295216e-05
1107,1.763888665492e+08,2.101969247862e-05
1108,1.769797026280e+08,2.392744694966e-05
1109,1.775407908009e+08,2.454798969716e-05
1110,1.778447855509e+08,2.629783781510e-05
1111,1.785198220681e+08,2.424324631115e-05
1112,1.791298618410e+08,2.451044217928e-05
1113,1.793205597692e+08,2.196690742368e-05
1114,1.798164331041e+08,2.439552550360e-05
1115,1.807287348371e+08,2.635974247800e-05
1116,1.810508331991e+08,2.334787875636e-05
1117,1.817131441365e+08,2.950433671730e-05
1118,1.823310344172e+08,2.650787894296e-05
1119,1.833720015154e+08,2.197733200586e-05
1120,1.841221150350e+08,2.174383964795e-05
1121,1.845038727538e+08,2.404003629000e-05
1122,1.847927420719e+08,2.397261845991e-05
1123,1.859851165355e+08,2.368698739832e-05
1124,1.871306650127e+08,2.380358112561e-05
1125,1.882606804150e+08,2.398758262606e-05
1126,1.892889680642e+08,2.759387069640e-05
1127,1.895890802872e+08,2.495864440606e-05
1128,1.905472816301e+08,2.617798714392e-05
1129,1.908575319861e+08,2.569452132835e-05
1130,1.917555546232e+08,2.684855654134e-05
1131,1.921263772148e+08,2.417828268199e-05
1132,1.924485697606e+08,2.528839117207e-05
1133,1.933071879380e+08,2.372105572297e-05
1134,1.940077200174e+08,2.367905552977e-05
1135,1.948318972989e+08,2.331517273437e-05
1136,1.952004627216e+08,2.511021607432e-05
1137,1.969518015633e+08,2.378208064836e-05
1138,1.972870352749e+08,2.428766510790e-05
1139,1.977327391179e+08,2.423903372302e-05
1140,1.979004739247e+08,2.484431413192e-05
1141,1.989635473646e+08,2.306332307126e-05
1142,1.992414123741e+08,2.530171427909e-05
1143,2.003652659416e+08,2.560588781801e-05
1144,2.006708507080e+08,2.121150113244e-05
1145,2.013605152055e+08,2.589208218715e-05
1146,2.026130761275e+08,2.608328050772e-05
1147,2.030609349827e+08,2.124571126680e-05
1148,2.043980959463e+08,2.304419107310e-05
1149,2.055742591314e+08,2.062184748906e-05
1150,2.061883256082e+08,2.595024983206e-05
1151,2.069303659599e+08,2.402462184455e-05
1152,2.078765685041e+08,2.524527482723e-05
1153,2.083244663237e+08,2.178310725805e-05
1154,2.088407851874e+08,2.258228872626e-05
1155,2.097286568793e+08,2.674434371142e-05
1156,2.102555890148e+08,2.732181936021e-05
1157,2.118398509480e+08,2.652998564332e-05
1158,2.134583568605e+08,2.837085814442e-05
1159,2.138391401632e+08,2.637893170887e-05
1160,2.140514302982e+08,2.324273080589e-05
1161,2.145449414697e+08,1.847262596447e-05
1162,2.159500805780e+08,2.432948010770e-05
1163,2.173246806406e+08,3.077722816814e-05
1164,2.181809282731e+08,2.264702746680e-05
1165,2.194276484991e+08,2.752285087460e-05
1166,2.204573979041e+08,2.659406955847e-05
1167,2.211320840419e+08,3.344035993494e-05
1168,2.217645508585e+08,2.537940938553e-05
1169,2.223683317782e+08,2.609569146451e-05
1170,2.244291379256e+08,2.510305877363e-05
1171,2.253331486992e+08,2.208974132953e-05
1172,2.256943985416e+08,2.078941554762e-05
1173,2.266760483082e+08,2.604466781714e-05
1174,2.276315704661e+08,2.429010821686e-05
1175,2.280175461746e+08,2.326584495904e-05
1176,2.283059620283e+08,2.181327472863e-05
1177,2.297367294153e+08,2.640248440324e-05
1178,2.308238007450e+08,2.255496477000e-05
1179,2.317037987889e+08,2.258756707115e-05
1180,2.328895753782e+08,2.763503744156e-05
1181,2.335527225412e+08,2.798063634053e-05
1182,2.339477131690e+08,2.606914940601e-05
1183,2.352202131729e+08,2.561004806742e-05
1184,2.358682381825e+08,2.574903179010e-05
1185,2.371139921890e+08,2.336859917849e-05
1186,2.378439560394e+08,2.725776538584e-05
1187,2.393518727244e+08,2.837130799106e-05
1188,2.405276687742e+08,2.562441742003e-05
1189,2.421549724408e+08,2.580278668887e-05
1190,2.424945955656e+08,2.133102772021e-05
1191,2.429991665159e+08,2.601518284334e-05
1192,2.440561566544e+08,2.884895447453e-05
1193,2.451506775872e+08,2.374592164271e-05
1194,2.462196207650e+08,2.151199589206e-05
1195,2.463146232299e+08,2.384688336427e-05
1196,2.473122410578e+08,2.216991311361e-05
1197,2.477849459674e+08,2.576176828361e-05
1198,2.483218325520e+08,2.242437628331e-05
1199,2.492131095662e+08,2.483444763332e-05
1200,2.495685636276e+08,2.305033087415e-05
1201,2.518325217095e+08,2.063560485046e-05
1202,2.520841313342e+08,2.508714923002e-05
1203,2.527129128811e+08,2.088002688422e-05
1204,2.531615938584e+08,2.284417371540e-05
1205,2.535716675889e+08,2.391096491206e-05
1206,2.541662622137e+08,2.314296802944e-05
1207,2.548713331529e+08,1.911617241290e-05
1208,2.560085634267e+08,2.386823478747e-05
1209,2.575024384992e+08,2.557192608739e-05
1210,2.579956716736e+08,2.497248456724e-05
1211,2.598434862060e+08,2.384802491814e-05
1212,2.602000559247e+08,1.559428050395e-05
1213,2.610208923742e+08,2.530423342266e-05
1214,2.612102323246e+08,1.852364797646e-05
1215,2.618534027600e+08,2.587940453404e-05
1216,2.620714023469e+08,2.242094093809e-05
1217,2.631158009728e+08,2.572435629547e-05
1218,2.637066402515e+08,2.391730837966e-05
1219,2.642347271987e+08,2.097570622070e-05
1220,2.648873215027e+08,2.314770870502e-05
1221,2.653346266872e+08,2.262873566490e-05
1222,2.663303446732e+08,2.365475012934e-05
1223,2.670610756280e+08,2.297471440907e-05
1224,2.671779554447e+08,1.640707710340e-05
1225,2.686753827186e+08,2.276146507786e-05
1226,2.694754195638e+08,2.506756551358e-05
1227,2.700682304622e+08,2.473259891307e-05
1228,2.704843742030e+08,1.669993748842e-05
1229,2.719023804911e+08,2.247502980504e-05
1230,2.728626819747e+08,2.037945998885e-05
1231,2.737252413742e+08,2.686970428264e-05
1232,2.743327675084e+08,2.556073558684e-05
1233,2.749053415883e+08,2.484786934800e-05
1234,2.761437425898e+08,2.444633346895e-05
1235,2.768644390056e+08,2.129631223355e-05
1236,2.771926637599e+08,2.182042521270e-05
1237,2.782450383470e+08,2.514781290638e-05
1238,2.787070285497e+08,2.352210833758e-05
1239,2.791382910355e+08,2.284290524384e-05
1240,2.798655742622e+08,2.417848384138e-05
1241,2.804352051699e+08,2.225678660843e-05
1242,2.811792118907e+08,1.787738052788e-05
1243,2.822235347212e+08,2.551018911226e-05
1244,2.825944869602e+08,2.371986407119e-05
1245,2.833846228784e+08,2.354443037207e-05
1246,2.841393233567e+08,2.449388052005e-05
1247,2.856744128823e+08,2.598950113175e-05
1248,2.875316229660e+08,2.305104145694e-05
1249,2.878233061736e+08,1.942258457478e-05
1250,2.882139391240e+08,2.501511432673e-05
1251,2.888379296726e+08,1.960581813918e-05
1252,2.900426288238e+08,2.273216413191e-05
1253,2.904149950731e+08,2.231356473899e-05
1254,2.911418012895e+08,1.948831778640e-05
1255,2.923137903522e+08,1.766891728556e-05
1256,2.925165806238e+08,2.463897771205e-05
1257,2.935837989669e+08,2.183792325599e-05
1258,2.943715641773e+08,2.124266177734e-05
1259,2.958387826015e+08,2.047794845191e-05
1260,2.966198762958e+08,2.386017303858e-05
1261,2.974831554024e+08,2.149940034656e-05
1262,2.988712200615e+08,2.534696946270e-05
1263,2.995730720414e+08,2.367143003914e-05
1264,3.005641594159e+08,2.387142270103e-05
1265,3.013979952022e+08,2.421941409783e-05
1266,3.023968287546e+08,2.335972544358e-05
1267,3.026555247148e+08,2.245934303130e-05
1268,3.031937726167e+08,2.625958995634e-05
1269,3.033882796070e+08,2.336794247537e-05
1270,3.047999527286e+08,2.302495241987e-05
1271,3.053534492289e+08,2.225780266524e-05
1272,3.064120903209e+08,2.574475813156e-05
1273,3.072310362568e+08,2.423864139053e-05
1274,3.082684089082e+08,2.232670174426e-05
1275,3.106499674515e+08,2.442453798909e-05
1276,3.116408761357e+08,2.383127139531e-05
1277,3.122993869710e+08,2.735227243193e-05
1278,3.127847539256e+08,2.372331228399e-05
1279,3.134698293365e+08,2.140656135835e-05
1280,3.138518167947e+08,2.276438816342e-05
1281,3.151722124920e+08,2.539763857082e-05
1282,3.157991015057e+08,2.492115876524e-05
1283,3.162101169953e+08,2.240691815984e-05
1284,3.172099153190e+08,2.085036419253e-05
1285,3.191822967731e+08,2.194683686591e-05
1286,3.200708632040e+08,3.200940820409e-05
1287,3.215952668106e+08,2.415001948701e-05
1288,3.231411139642e+08,2.322937197773e-05
1289,3.246867911632e+08,2.040512654801e-05
1290,3.257046770076e+08,2.605634538657e-05
1291,3.262106911964e+08,2.303261018224e-05
1292,3.284844998875e+08,2.247217064013e-05
1293,3.290579684039e+08,2.331270285694e-05
1294,3.306075519150e+08,2.174204480678e-05
1295,3.323400439031e+08,2.122584724975e-05
1296,3.331278193686e+08,2.193347777778e-05
1297,3.338594930217e+08,2.531091559703e-05
1298,3.349384319708e+08,2.098111776553e-05
1299,3.353432823004e+08,2.020283387627e-05
1300,3.367810393474e+08,2.421270297729e-05
1301,3.376243744111e+08,1.929913787660e-05
1302,3.389970648586e+08,2.345603055044e-05
1303,3.402924217967e+08,2.352376911517e-05
1304,3.406809532061e+08,1.861137201920e-05
1305,3.413381050055e+08,1.888688152862e-05
1306,3.418055848137e+08,1.999835194158e-05
1307,3.427763230366e+08,2.164607337495e-05
1308,3.438315111254e+08,2.227002270330e-05
1309,3.447742170122e+08,2.250715558631e-05
1310,3.451130338839e+08,2.378945341860e-05
1311,3.457468944422e+08,2.018591107623e-05
1312,3.476875315767e+08,2.056613063910e-05
1313,3.480560792207e+08,2.048290695338e-05
1314,3.495105377945e+08,2.616638997041e-05
1315,3.501299490436e+08,2.195876220356e-05
1316,3.518415488916e+08,2.268085996845e-05
1317,3.521060685503e+08,2.422301396906e-05
1318,3.538155664387e+08,2.334248580816e-05
1319,3.547519114701e+08,2.082879535626e-05
1320,3.564469693968e+08,2.193274827777e-05
1321,3.581879387909e+08,2.282363108781e-05
1322,3.597098824533e+08,1.898410559834e-05
1323,3.601948830213e+08,1.900133301678e-05
1324,3.614659283131e+08,2.095806920925e-05
1325,3.625314622941e+08,2.212776415007e-05
1326,3.630898102834e+08,2.290416755536e-05
1327,3.642797176710e+08,2.900133635089e-05
1328,3.654821656652e+08,2.391816960275e-05
1329,3.660421022675e+08,2.334412378622e-05
1330,3.675292272412e+08,2.449510889946e-05
1331,3.693521288335e+08,2.047190537559e-05
1332,3.719144280428e+08,2.213045373389e-05
1333,3.723572138731e+08,2.404821899944e-05
1334,3.724941418295e+08,2.160229528007e-05
1335,3.740125906217e+08,2.346982062079e-05
1336,3.750947618585e+08,2.349607813363e-05
1337,3.765040195127e+08,2.284005894044e-05
1338,3.772942440184e+08,2.296646445721e-05
1339,3.787400199924e+08,2.225640725194e-05
1340,3.803053543492e+08,2.374492282826e-05
1341,3.809464394534e+08,2.174798644446e-05
1342,3.826162641432e+08,2.229732087175e-05
1343,3.829132486639e+08,1.945607845055e-05
1344,3.849297923414e+08,2.042523316987e-05
1345,3.853763718436e+08,2.313877261752e-05
1346,3.882366326353e+08,2.209634635647e-05
1347,3.889767946501e+08,2.647021997071e-05
1348,3.901250449773e+08,2.344533061269e-05
1349,3.908788626830e+08,2.453150642390e-05
1350,3.916786570166e+08,2.104093071032e-05
1351,3.938450867755e+08,2.588510661621e-05
1352,3.941644767273e+08,2.191632041958e-05
1353,3.953764849818e+08,2.440781676404e-05
1354,3.965745992225e+08,2.289860284324e-05
1355,3.982727478009e+08,2.429591556951e-05
1356,4.004164544629e+08,2.483102422813e-05
1357,4.012440480491e+08,2.649673965907e-05
1358,4.015955454996e+08,2.265099918269e-05
1359,4.024536866292e+08,2.426235073737e-05
1360,4.036332661360e+08,2.410733861139e-05
1361,4.048748750563e+08,2.398359662312e-05
1362,4.075041386131e+08,1.967468459304e-05
1363,4.092009896294e+08,2.374912228076e-05
1364,4.102061824609e+08,2.085338847319e-05
1365,4.111052898437e+08,2.139131171484e-05
1366,4.119010289041e+08,2.366453869994e-05
1367,4.124122263132e+08,2.282447939737e-05
1368,4.142414700218e+08,2.292365525194e-05
1369,4.150598924681e+08,2.086957762244e-05
1370,4.160034147918e+08,2.141259840198e-05
1371,4.178346801755e+08,2.299084349867e-05
1372,4.200758205921e+08,2.225246536449e-05
1373,4.221555284208e+08,2.040721290598e-05
1374,4.226581179129e+08,2.097103628657e-05
1375,4.254822249812e+08,2.383432661487e-05
1376,4.282594406355e+08,2.193584640809e-05
1377,4.293030772944e+08,2.261576472445e-05
1378,4.332536585660e+08,2.326419588570e-05
1379,4.351914888557e+08,2.323148730835e-05
1380,4.377935075503e+08,1.689547981600e-05
1381,4.401927849443e+08,2.055009575061e-05
1382,4.420420637865e+08,2.628896924409e-05
1383,4.432550901158e+08,2.306460562274e-05
1384,4.436542691469e+08,2.154284092392e-05
1385,4.454713081124e+08,2.568276765632e-05
1386,4.467052781996e+08,2.351681522035e-05
1387,4.489775571091e+08,2.291060108061e-05
1388,4.509302896183e+08,2.104228455874e-05
1389,4.520626087302e+08,2.316293475273e-05
1390,4.546230978476e+08,2.217691477865e-05
1391,4.549025706068e+08,2.552329883967e-05
1392,4.564162931180e+08,2.282094413431e-05
1393,4.574810943519e+08,2.489410539838e-05
1394,4.612093392498e+08,2.256436695440e-05
1395,4.632260201150e+08,2.247399010668e-05
1396,4.652697684371e+08,2.425366370843e-05
1397,4.681137295040e+08,2.072470042228e-05
1398,4.688368935146e+08,2.158785713935e-05
1399,4.702204105640e+08,2.422402556876e-05
1400,4.715844882679e+08,1.852868385901e-05
1401,4.731758088986e+08,1.682005057592e-05
1402,4.744089690232e+08,1.663248405907e-05
1403,4.745659975906e+08,1.986424128984e-05
1404,4.759244053331e+08,2.021335381655e-05
1405,4.770962025432e+08,1.472187716026e-05
1406,4.790094063536e+08,1.552154692073e-05
1407,4.798090313387e+08,1.228501395884e-05
1408,4.810553330842e+08,1.772963456003e-05
1409,4.815520078571e+08,2.329605759213e-05
1410,4.828807634121e+08,2.022919527751e-05
1411,4.838186661653e+08,2.043382912749e-05
1412,4.855192076892e+08,1.742704568603e-05
1413,4.856630482031e+08,1.927200926185e-05
1414,4.870502678235e+08,1.973393931959e-05
1415,4.886454596824e+08,1.531066393361e-05
1416,4.893898790071e+08,1.530896750217e-05
1417,4.912498916993e+08,2.358122150781e-05
1418,4.918899279863e+08,2.420258359761e-05
1419,4.925437495220e+08,2.152669740673e-05
1420,4.939066029931e+08,2.265525608694e-05
1421,4.946064693010e+08,2.047902694503e-05
1422,4.969260671352e+08,2.247077064951e-05
1423,5.012920229765e+08,2.158728524147e-05
1424,5.022007730087e+08,2.387250928600e-05
1425,5.029959939542e+08,2.364721662289e-05
1426,5.050371912275e+08,2.093948031064e-05
1427,5.055682770476e+08,2.450440917156e-05
1428,5.084008595265e+08,2.303121333714e-05
1429,5.086933750956e+08,2.349664001348e-05
1430,5.100973014430e+08,2.333099038858e-05
1431,5.123004110260e+08,2.428479926885e-05
1432,5.148295488583e+08,2.522527734288e-05
1433,5.153861193125e+08,2.481316814335e-05
1434,5.157754976757e+08,1.944498968909e-05
1435,5.185948969163e+08,2.527800770308e-05
1436,5.193021374586e+08,2.528608666414e-05
1437,5.245847891793e+08,2.315093568800e-05
1438,5.260452198174e+08,2.362522228775e-05
1439,5.271806070669e+08,1.997231085051e-05
1440,5.284180442325e+08,2.180135427711e-05
1441,5.307229340070e+08,2.284102719029e-05
1442,5.331545093226e+08,2.341817529228e-05
1443,5.347012493843e+08,2.494478899511e-05
1444,5.379306290204e+08,2.458418151478e-05
1445,5.407267308027e+08,2.635032158377e-05
1446,5.431963513808e+08,2.363889709421e-05
1447,5.432451351413e+08,2.205787932837e-05
1448,5.450860036809e+08,2.501562439009e-05
1449,5.484511583087e+08,2.399606290978e-05
1450,5.517230784994e+08,1.905301838885e-05
1451,5.537838605553e+08,2.026564302899e-05
1452,5.555785553539e+08,2.342576775144e-05
1453,5.583832516113e+08,2.374907532758e-05
1454,5.602914337274e+08,2.550367585025e-05
1455,5.605435001230e+08,2.342680238152e-05
1456,5.631004208814e+08,2.698040790275e-05
1457,5.650553758645e+08,2.332382888512e-05
1458,5.662504321361e+08,2.328743575719e-05
1459,5.676954055123e+08,2.393436020268e-05
1460,5.717749741651e+08,2.786350474515e-05
1461,5.733711518525e+08,2.428782130713e-05
1462,5.747121699204e+08,2.325810447617e-05
1463,5.777046893968e+08,2.219502391177e-05
1464,5.796140962742e+08,2.299503056183e-05
1465,5.811459793901e+08,2.480011513120e-05
1466,5.829380995742e+08,2.136884820833e-05
1467,5.859809694585e+08,2.399989459981e-05
1468,5.876529746034e+08,2.371217800709e-05
1469,5.909157325312e+08,2.245464702218e-05
1470,5.946429866048e+08,2.390600699559e-05
1471,5.966721009267e+08,2.345282835753e-05
1472,5.989426206172e+08,2.337709127449e-05
1473,6.005162056708e+08,2.297528846035e-05
1474,6.032088838815e+08,2.210041383056e-05
1475,6.059431665601e+08,2.210657547184e-05
1476,6.084651807709e+08,2.153197361532e-05
1477,6.092478508574e+08,2.609189273204e-05
1478,6.116613079535e+08,2.294839496716e-05
1479,6.135044205327e+08,2.557089408100e-05
1480,6.174182025932e+08,2.280352413452e-05
1481,6.224859201184e+08,2.223856883974e-05
1482,6.238088530618e+08,2.363845927741e-05
1483,6.254118020503e+08,2.133076767866e-05
1484,6.270376543812e+08,2.282228021014e-05
1485,6.297078174273e+08,2.325763099500e-05
1486,6.311785375594e+08,2.284512687884e-05
1487,6.327139491348e+08,2.170804711476e-05
1488,6.348989401129e+08,2.476735951838e-05
1489,6.356972790092e+08,2.203592791002e-05
1490,6.362275438614e+08,2.226210364189e-05
1491,6.391993864241e+08,2.255919658945e-05
1492,6.396502956631e+08,2.075247675009e-05
1493,6.421360605490e+08,2.179566032686e-05
1494,6.442385005590e+08,2.091927342809e-05
1495,6.467907676015e+08,2.117166224435e-05
1496,6.489999843724e+08,2.131945584214e-05
1497,6.532003394614e+08,2.127398130301e-05
1498,6.552066642366e+08,2.398984229719e-05
1499,6.559892184270e+08,2.366850371784e-05
1500,6.572455041632e+08,2.133451243531e-05
1501,6.611561507119e+08,2.259658127773e-05
1502,6.630597334922e+08,2.240090643822e-05
1503,6.640651378416e+08,2.110508209915e-05
1504,6.681477919591e+08,2.348939921725e-05
1505,6.694490191965e+08,2.027876709946e-05
1506,6.712149487179e+08,2.452003234363e-05
1507,6.717908112879e+08,2.149868473217e-05
1508,6.740728097176e+08,2.126199675761e-05
1509,6.754238556268e+08,2.097356054899e-05
1510,6.778839997691e+08,1.950191504283e-05
1511,6.793527180463e+08,1.910745825048e-05
1512,6.797291375708e+08,2.164827846505e-05
1513,6.837817328365e+08,2.063592972421e-05
1514,6.868336064608e+08,2.063362492037e-05
1515,6.881810920203e+08,1.847104783328e-05
1516,6.914675377561e+08,1.846444744976e-05
1517,6.917161177892e+08,2.146452775649e-05
1518,6.952162812545e+08,1.933699170813e-05
1519,6.984012330061e+08,2.342798962473e-05
1520,7.017351354478e+08,2.189339867246e-05
1521,7.042394186644e+08,2.132152363752e-05
1522,7.062102655386e+08,1.716912171296e-05
1523,7.066029373472e+08,2.088067731242e-05
1524,7.107132961966e+08,1.926317925998e-05
1525,7.113934515925e+08,2.095604092373e-05
1526,7.137683201980e+08,2.019480311316e-05
1527,7.180711991033e+08,1.947411741654e-05
1528,7.197129181991e+08,2.008832194573e-05
1529,7.220899968804e+08,1.891952242131e-05
1530,7.247629202225e+08,1.785682253829e-05
1531,7.286704641753e+08,2.120040922665e-05
1532,7.293940921712e+08,1.705217871560e-05
1533,7.322569346134e+08,1.485447175287e-05
1534,7.327535571211e+08,2.020625372319e-05
1535,7.344121015896e+08,1.569243492987e-05
1536,7.348462579865e+08,1.894771258381e-05
1537,7.365039562788e+08,2.021812032724e-05
1538,7.374906949547e+08,1.941184186613e-05
1539,7.393801613823e+08,1.469412338812e-05
1540,7.402569751343e+08,1.791691954477e-05
1541,7.425166473448e+08,1.874847488582e-05
1542,7.445448294230e+08,1.986941509668e-05
1543,7.467995088882e+08,1.752830967564e-05
1544,7.476295866663e+08,1.477920291774e-05
1545,7.486380859799e+08,1.324986144124e-05
1546,7.502249437853e+08,1.918996947888e-05
1547,7.522672078971e+08,1.663669290991e-05
1548,7.543711646817e+08,1.961248961276e-05
1549,7.552333897681e+08,1.571558444543e-05
1550,7.565213990649e+08,1.917175542766e-05
1551,7.573612671924e+08,2.080666311402e-05
1552,7.599886437535e+08,2.175567630837e-05
1553,7.647845965316e+08,2.064129169247e-05
1554,7.657456300748e+08,2.181204127781e-05
1555,7.680259134787e+08,1.884026943950e-05
1556,7.691477523009e+08,2.140522407185e-05
1557,7.721221135820e+08,1.905687300783e-05
1558,7.733326939966e+08,1.939527516611e-05
1559,7.790554379954e+08,2.033176951152e-05
1560,7.812078169058e+08,1.956880262356e-05
1561,7.826201897870e+08,2.185094854563e-05
1562,7.835687915942e+08,2.129827914485e-05
1563,7.895384558476e+08,2.087211055821e-05
1564,7.910883647007e+08,2.139501401353e-05
1565,7.918271295804e+08,2.165088774423e-05
1566,7.936594670957e+08,1.965548392850e-05
1567,7.957541154977e+08,2.113816766754e-05
1568,7.984462270810e+08,2.078821957540e-05
1569,8.048593231827e+08,2.140841942401e-05
1570,8.071694307545e+08,2.140160482487e-05
1571,8.090025082430e+08,2.118225363483e-05
1572,8.151183484971e+08,1.987997697595e-05
1573,8.181806457533e+08,1.995413533372e-05
1574,8.190645416605e+08,2.020605381707e-05
1575,8.225755720224e+08,1.995161204806e-05
1576,8.267881917767e+08,2.194792264786e-05
1577,8.272709657937e+08,2.053734809226e-05
1578,8.302864723102e+08,2.097600728414e-05
1579,8.331435585850e+08,1.910024562342e-05
1580,8.350174505641e+08,2.338901888790e-05
1581,8.446126836342e+08,2.113486978099e-05
1582,8.476413582416e+08,2.250866004725e-05
1583,8.491648710810e+08,2.271581565306e-05
1584,8.502032411945e+08,2.279648077736e-05
1585,8.523113429359e+08,2.325774183706e-05
1586,8.539169053979e+08,2.138958006475e-05
1587,8.577529818713e+08,2.227586974302e-05
1588,8.596888665875e+08,2.275517020183e-05
1589,8.643802450539e+08,2.329283010935e-05
1590,8.712951491016e+08,2.121267799581e-05
1591,8.753684381826e+08,2.153151343527e-05
1592,8.770612364494e+08,2.115906779803e-05
1593,8.804249722827e+08,2.195520224090e-05
1594,8.819211455651e+08,2.034216437878e-05
1595,8.841412186182e+08,2.041728907923e-05
1596,8.881774097275e+08,1.999475288227e-05
1597,8.904144320565e+08,2.163663611825e-05
1598,8.953137443854e+08,2.262577407694e-05
1599,8.960249145900e+08,2.158176891535e-05
1600,9.007689384254e+08,2.208434832563e-05
1601,9.045815703912e+08,2.183783008240e-05
1602,9.080405788178e+08,2.133649912014e-05
1603,9.130547430220e+08,2.218005967394e-05
1604,9.148691644651e+08,2.372032859613e-05
1605,9.191092751674e+08,2.381670942124e-05
1606,9.234439839497e+08,2.144624558112e-05
1607,9.248734038586e+08,2.192449621241e-05
1608,9.289623617053e+08,2.179136388486e-05
1609,9.378788717428e+08,2.108837431771e-05
1610,9.398015663387e+08,2.122106570101e-05
1611,9.435471785679e+08,2.234235783877e-05
1612,9.502829581872e+08,2.152521846276e-05
1613,9.557821259719e+08,2.191074831034e-05
1614,9.595383450999e+08,2.239790716258e-05
1615,9.667135666884e+08,2.049719921045e-05
1616,9.717979927996e+08,2.092570600566e-05
1617,9.792153677818e+08,2.153811699571e-05
1618,9.813738264860e+08,2.161411443022e-05
1619,9.854211054068e+08,2.063006977237e-05
1620,9.893050387138e+08,2.089477819788e-05
1621,9.944696619511e+08,1.910078674863e-05
1622,9.995651202842e+08,1.846836366988e-05
1623,1.003581105066e+09,1.959908673936e-05
1624,1.010983658883e+09,2.062746773121e-05
1625,1.014427990999e+09,2.035615568033e-05
1626,1.017676716325e+09,2.094543332132e-05
1627,1.022940518733e+09,1.961349091293e-05
1628,1.025088248124e+09,2.079115807748e-05
1629,1.025356981479e+09,2.016158281344e-05
1630,1.033062241312e+09,1.967684906605e-05
1631,1.034269486447e+09,1.956579457942e-05
1632,1.037764683086e+09,1.963854457126e-05
1633,1.040674009499e+09,1.898964063444e-05
1634,1.044149465041e+09,1.818589919219e-05
1635,1.047873384126e+09,2.095527631130e-05
1636,1.050971350922e+09,2.065426648383e-05
1637,1.052487900672e+09,1.969733125608e-05
1638,1.054001385840e+09,2.005283138388e-05
1639,1.059224075389e+09,1.949263242766e-05
1640,1.063692152978e+09,1.974135160708e-05
1641,1.068865676761e+09,2.025324568345e-05
1642,1.073586773159e+09,1.947462863699e-05
1643,1.077134754476e+09,1.992041695108e-05
1644,1.081334620341e+09,1.842370207257e-05
1645,1.087183633678e+09,1.864651876823e-05
1646,1.088993929153e+09,1.985784709412e-05
1647,1.092117322665e+09,1.895335652840e-05
1648,1.106284516903e+09,1.938257566134e-05
1649,1.107661634995e+09,1.929585705642e-05
1650,1.110834279718e+09,1.848555005168e-05
1651,1.112681781523e+09,1.943427576255e-05
1652,1.115462483083e+09,1.773025954542e-05
1653,1.119508876260e+09,2.164232350746e-05
1654,1.121210024337e+09,1.929129872069e-05
1655,1.124873761050e+09,1.906605650576e-05
1656,1.131746206187e+09,1.821157639888e-05
1657,1.134405639224e+09,1.839395359824e-05
1658,1.140781135304e+09,1.790459674541e-05
1659,1.150396638154e+09,1.728310892089e-05
1660,1.153504533433e+09,1.971755130377e-05
1661,1.154593472309e+09,1.706261036232e-05
1662,1.159397783239e+09,1.952995003876e-05
1663,1.166395854818e+09,1.752961109063e-05
1664,1.169373637352e+09,1.885233041524e-05
1665,1.174274611725e+09,1.919431947715e-05
1666,1.176270886127e+09,2.040571766043e-05
1667,1.180015551998e+09,2.009199206124e-05
1668,1.186310705321e+09,1.817931269304e-05
1669,1.187345766569e+09,1.980850556741e-05
1670,1.193451664337e+09,1.932238635842e-05
1671,1.194917930429e+09,2.259370850313e-05
1672,1.202807733509e+09,2.091259002814e-05
1673,1.207073910133e+09,1.613615165533e-05
1674,1.214306121776e+09,2.005138108308e-05
1675,1.216987032986e+09,1.768325569206e-05
1676,1.230402892143e+09,2.035754047261e-05
1677,1.231222790150e+09,2.174065432474e-05
1678,1.238225558110e+09,2.117119463627e-05
1679,1.245103236631e+09,2.099993186586e-05
1680,1.261961401762e+09,2.257478622222e-05
1681,1.268343809980e+09,1.888232043391e-05
1682,1.275171019323e+09,2.010792415701e-05
1683,1.282745910358e+09,2.111874275015e-05
1684,1.293709405170e+09,1.995721691423e-05
1685,1.294962291991e+09,2.095652646022e-05
1686,1.301793080551e+09,2.067430070479e-05
1687,1.309090500973e+09,2.060283369701e-05
1688,1.323008240216e+09,2.112601921286e-05
1689,1.323892718862e+09,2.127308614676e-05
1690,1.327827212654e+09,2.493785355974e-05
1691,1.338845538755e+09,2.022429458021e-05
1692,1.354171114127e+09,1.951791954452e-05
1693,1.362471904741e+09,2.123294670366e-05
1694,1.371434404819e+09,2.049225438975e-05
1695,1.373267676716e+09,2.118479523641e-05
1696,1.388729556066e+09,2.048371227212e-05
1697,1.401325711263e+09,2.019135807553e-05
1698,1.414417534625e+09,2.062501733945e-05
1699,1.424001045879e+09,1.992427866576e-05
1700,1.427879946576e+09,1.949761114417e-05
1701,1.446175445092e+09,1.991168993655e-05
1702,1.473775473266e+09,2.138459714446e-05
1703,1.488348135158e+09,2.034554921969e-05
1704,1.496377562320e+09,2.082799893180e-05
1705,1.521252487857e+09,2.079817393977e-05
1706,1.535426582745e+09,1.951691281615e-05
1707,1.544750524489e+09,1.989956870488e-05
1708,1.558924018703e+09,1.994727096509e-05
1709,1.562729777331e+09,1.915858406815e-05
1710,1.602833401643e+09,1.972200337693e-05
1711,1.623946121462e+09,2.063287712307e-05
1712,1.662097515075e+09,1.791662085891e-05
1713,1.699676245438e+09,2.173158934302e-05
1714,1.724980970977e+09,1.912544812165e-05
1715,1.735291049724e+09,2.114342178665e-05
1716,1.742365320983e+09,2.010681330263e-05
1717,1.757187641195e+09,2.200686540512e-05
1718,1.800522357432e+09,2.119935837287e-05
1719,1.834100069220e+09,1.999780697589e-05
1720,1.878028947054e+09,2.111078954989e-05
1721,1.937223588199e+09,2.174743148842e-05
1722,1.961858109646e+09,2.080207267881e-05
1723,1.969116964438e+09,1.985147524866e-05
1724,1.986724214723e+09,2.191643005712e-05
1725,1.990022840631e+09,2.236008431143e-05
1726,1.995085128060e+09,2.091943353327e-05
1727,2.017118577350e+09,2.072098195896e-05
1728,2.048822037143e+09,2.151218956306e-05
1729,2.081612637408e+09,2.165422486758e-05
1730,2.093019375034e+09,2.104664949043e-05
1731,2.120669767013e+09,2.000128886769e-05
1732,2.143669869181e+09,2.017842770218e-05
1733,2.187513558569e+09,2.134278696692e-05
1734,2.215562927879e+09,2.006320104379e-05
1735,2.233311145107e+09,2.023794418689e-05
1736,2.274426468627e+09,2.099498179522e-05
1737,2.287089778802e+09,1.959689013516e-05
1738,2.317257135936e+09,1.949784671907e-05
1739,2.356485119309e+09,1.985525471596e-05
1740,2.370090975157e+09,2.036515901338e-05
1741,2.481655278137e+09,1.986497046692e-05
1742,2.488377452989e+09,1.940783736050e-05
1743,2.523870499651e+09,2.029755812248e-05
1744,2.596396197021e+09,1.955039656847e-05
1745,2.634717933423e+09,1.893623622758e-05
1746,2.716910964535e+09,1.785989213601e-05
1747,2.747642357942e+09,1.643833824805e-05
1748,2.766744164161e+09,1.838969065594e-05
1749,2.813767146749e+09,1.608715872481e-05
1750,2.867724941306e+09,2.016739054995e-05
1751,2.908838378302e+09,1.947177600507e-05
1752,2.969655150559e+09,1.828035494551e-05
1753,3.018162031744e+09,1.860214725480e-05
1754,3.174585775182e+09,1.805308103019e-05
1755,3.286887480868e+09,1.705828464383e-05
1756,3.292987933931e+09,1.339069227289e-05
1757,3.369800648684e+09,1.783730299157e-05
1758,3.421552187859e+09,1.883244407922e-05
1759,3.509703006808e+09,1.843220506046e-05
1760,3.601888580340e+09,1.814565401380e-05
1761,3.704337982581e+09,1.680306709722e-05
1762,3.994448574632e+09,1.592627344834e-05
1763,4.129706226484e+09,1.597800155059e-05
1764,4.203389066399e+09,1.656829100053e-05
1765,4.358873151564e+09,1.589518621976e-05
1766,4.557579622603e+09,1.624163771526e-05
1767,4.618500071884e+09,1.566797592961e-05
1768,4.693665888522e+09,1.599422566497e-05
1769,4.740082291574e+09,1.520632773401e-05
1770,4.859928804193e+09,1.545992745927e-05
1771,4.994742168558e+09,1.491824393378e-05
1772,5.107741021525e+09,1.453354328349e-05
1773,5.287466409431e+09,1.584727720459e-05
1774,5.327340766843e+09,1.482070651910e-05
1775,5.791382978981e+09,1.480790270750e-05
1776,5.960086880238e+09,1.610062475592e-05
1777,6.139774277099e+09,1.369093759802e-05
1778,6.293295266519e+09,1.504495425385e-05
1779,6.521537489193e+09,1.350856509165e-05
1780,6.601772425019e+09,1.390949134799e-05
1781,6.659080796447e+09,1.314842483454e-05
1782,6.813937930941e+09,1.338899231292e-05
1783,7.056028282944e+09,1.348082173182e-05
1784,7.175940169130e+09,1.358773426721e-05
1785,7.319573052137e+09,1.262747368948e-05
1786,7.541362004319e+09,1.286404003467e-05
1787,7.804380195752e+09,1.283427719467e-05
1788,7.965186642043e+09,1.584935150748e-05
1789,8.425173081495e+09,1.199351770429e-05
1790,9.015955911498e+09,1.141973160781e-05
1791,9.672435891303e+09,1.053923124819e-05
1792,9.770490124036e+09,1.109426515696e-05
1793,1.034497063195e+10,1.219912922737e-05
1794,1.074638330567e+10,1.082559587387e-05
1795,1.108447967030e+10,1.003042029643e-05
1796,1.170270002522e+10,9.766948035459e-06
1797,1.211807129988e+10,9.545025181409e-06
1798,1.293776026782e+10,9.395961280312e-06
1799,1.346736450509e+10,9.004981517431e-06
