"max(X)","min(X)"
1,0
1,4.2744e-11
1,3.708e-10
1,1.4478e-09
1,3.9493e-09
1,8.7544e-09
1,1.6938e-08
1,2.9763e-08
1,4.8676e-08
1,7.5297e-08
1,1.1142e-07
1,1.5901e-07
1,2.202e-07
1,2.9729e-07
1,3.9274e-07
1,5.0922e-07
1,6.4956e-07
1,8.1681e-07
1,1.0143e-06
1,1.2455e-06
1,1.5145e-06
1,1.8256e-06
1,2.184e-06
1,2.5958e-06
1,3.0685e-06
1,3.6117e-06
1,4.2384e-06
0.99999,4.9663e-06
0.99999,5.8203e-06
0.99999,6.8367e-06
0.99999,8.0694e-06
0.99999,9.6001e-06
0.99999,1.1556e-05
0.99999,1.4139e-05
0.99998,1.7678e-05
0.99998,2.2715e-05
0.99997,3.0162e-05
0.99996,4.158e-05
0.99994,5.9655e-05
0.99991,8.9038e-05
0.99986,0.00013772
0.99978,0.00021911
0.99964,0.00035463
0.99942,0.00057529
0.99908,0.00091843
0.99858,0.0014145
0.99793,0.0020657
0.99717,0.002832
0.99636,0.003644
0.99556,0.0044374
0.99482,0.0051813
0.99412,0.0058833
0.99342,0.0065769
0.9927,0.0073026
0.9919,0.008095
0.99103,0.0089743
0.99006,0.009945
0.989,0.010999
0.98788,0.01212
0.98671,0.013294
0.98549,0.014507
0.98425,0.015752
0.98298,0.017025
0.98168,0.018322
0.98036,0.019637
0.97904,0.020963
0.97771,0.022292
0.97639,0.023614
0.97508,0.02492
0.9738,0.026204
0.97254,0.027463
0.9713,0.028697
0.97009,0.029905
0.96891,0.031092
0.96774,0.032259
0.96659,0.033411
0.96545,0.034551
0.96432,0.035682
0.96319,0.036807
0.96207,0.037931
0.96094,0.039056
0.95982,0.040185
0.95868,0.041322
0.95753,0.04247
0.95637,0.043632
0.95519,0.044813
0.95399,0.046013
0.95276,0.047237
0.95152,0.048484
0.95025,0.049755
0.94895,0.051047
0.94764,0.052358
0.94632,0.05368
0.94499,0.055007
0.94367,0.056327
0.94237,0.05763
0.94109,0.058905
0.93986,0.06014
0.93867,0.061325
0.93755,0.062451
0.93649,0.063511
0.9355,0.0645
0.93458,0.065415
0.93375,0.066255
0.93298,0.067021
0.93229,0.067714
0.93166,0.068339
0.9311,0.068902
0.93059,0.069409
0.93013,0.069867
0.92972,0.070282
0.92934,0.070662
0.92899,0.071011
0.92866,0.071336
0.92836,0.071643
0.92806,0.071941
0.92776,0.072237
0.92746,0.072545
0.92713,0.072874
0.92676,0.07324
0.92635,0.073653
0.92588,0.074124
0.92534,0.07466
0.92474,0.075263
0.92407,0.075931
0.92334,0.076657
0.92257,0.077432
0.92176,0.078242
0.92093,0.079074
0.92009,0.079915
0.91924,0.080757
0.91841,0.081592
0.91758,0.082418
0.91676,0.083238
0.91594,0.084055
0.91513,0.084874
0.9143,0.085699
0.91347,0.086534
0.91262,0.087379
0.91177,0.088231
0.91091,0.089086
0.91006,0.089935
0.90923,0.090767
0.90843,0.09157
0.90767,0.092334
0.90695,0.093052
0.90628,0.093724
0.90564,0.094358
0.90503,0.094971
0.90441,0.095589
0.90376,0.09624
0.90304,0.096957
0.90223,0.097765
0.90131,0.098686
0.90027,0.099732
0.89909,0.10091
0.8978,0.1022
0.8964,0.1036
0.8949,0.1051
0.89333,0.10667
0.89169,0.10831
0.89001,0.10999
0.88828,0.11173
0.8865,0.1135
0.88468,0.11532
0.88282,0.11718
0.88093,0.11907
0.879,0.121
0.87706,0.12294
0.8751,0.1249
0.87316,0.12684
0.87124,0.12876
0.86938,0.13062
0.86758,0.13242
0.86586,0.13414
0.86425,0.13575
0.86275,0.13725
0.86136,0.13864
0.86008,0.13992
0.85889,0.14111
0.85778,0.14222
0.85672,0.14328
0.85568,0.14432
0.85464,0.14536
0.8536,0.1464
0.85254,0.14746
0.85148,0.14852
0.85043,0.14957
0.84942,0.15058
0.84846,0.15154
0.84759,0.15241
0.84681,0.15319
0.84615,0.15385
0.84562,0.15438
0.84522,0.15479
0.84494,0.15506
0.84479,0.15521
0.84476,0.15524
0.84485,0.15515
0.84506,0.15494
0.84538,0.15462
0.84582,0.15418
0.84635,0.15365
0.84697,0.15303
0.84767,0.15233
0.84843,0.15157
0.84923,0.15077
0.85005,0.14995
0.85086,0.14914
0.85164,0.14836
0.85238,0.14762
0.85308,0.14693
0.8537,0.14632
0.85423,0.1458
0.85467,0.14536
0.85502,0.14502
0.85527,0.14478
0.85542,0.14463
0.85549,0.14457
0.85546,0.1446
0.85536,0.1447
0.85519,0.14487
0.85497,0.14509
0.8547,0.14535
0.85441,0.14564
0.8541,0.14594
0.85379,0.14625
0.85351,0.14653
0.85325,0.14678
0.85304,0.14699
0.85289,0.14714
0.85281,0.14722
0.8528,0.14723
0.85288,0.14715
0.85305,0.14698
0.8533,0.14673
0.85365,0.14638
0.85409,0.14594
0.85461,0.14541
0.85523,0.14479
0.85592,0.14409
0.85669,0.14331
0.85754,0.14246
0.85844,0.14155
0.85941,0.14057
0.86044,0.13954
0.86151,0.13846
0.86262,0.13734
0.86377,0.13619
0.86495,0.13502
0.86614,0.13382
0.86734,0.13262
0.86855,0.13142
0.86975,0.13023
0.87092,0.12906
0.87207,0.12792
0.87318,0.12682
0.87423,0.12577
0.87523,0.12477
0.87615,0.12385
0.87699,0.123
0.87774,0.12224
0.87838,0.12158
0.87893,0.12101
0.87937,0.12056
0.87969,0.12021
0.8799,0.11998
0.88,0.11986
0.87998,0.11985
0.87985,0.11996
0.87962,0.12018
0.87927,0.12051
0.87883,0.12094
0.87829,0.12148
0.87765,0.12211
0.87692,0.12284
0.87611,0.12366
0.87522,0.12456
0.87425,0.12555
0.87322,0.12661
0.87212,0.12774
0.87096,0.12894
0.86975,0.13018
0.86848,0.13148
0.86718,0.13283
0.86584,0.1342
0.86446,0.13562
0.86304,0.13706
0.8616,0.13852
0.86012,0.14001
0.85862,0.14153
0.85709,0.14306
0.85554,0.14462
0.85396,0.1462
0.85236,0.1478
0.85074,0.14942
0.84909,0.15107
0.84743,0.15273
0.84575,0.15441
0.84405,0.15611
0.84233,0.15783
0.8406,0.15955
0.83886,0.16129
0.8371,0.16304
0.83534,0.16479
0.83358,0.16654
0.83182,0.1683
0.83005,0.17005
0.82829,0.17179
0.82655,0.17353
0.82481,0.17525
0.82309,0.17696
0.82139,0.17864
0.81971,0.1803
0.81806,0.18193
0.81645,0.18353
0.81487,0.18509
0.81298,0.18697
0.81134,0.18859
0.80983,0.1901
0.80846,0.19147
0.80721,0.19272
0.80609,0.19385
0.80508,0.19486
0.80418,0.19578
0.80336,0.19661
0.80261,0.19737
0.80191,0.19808
0.80126,0.19874
0.80064,0.19938
0.80004,0.19999
0.79946,0.20058
0.7989,0.20115
0.79833,0.20173
0.79778,0.20228
0.79725,0.20283
0.79676,0.20332
0.79624,0.20385
0.79576,0.20434
0.79536,0.20474
0.79484,0.20526
0.79443,0.20566
0.79397,0.20612
0.7936,0.20647
0.7931,0.20694
0.7927,0.20732
0.79222,0.20777
0.79182,0.20813
0.79131,0.2086
0.79088,0.20899
0.79038,0.20945
0.78996,0.20983
0.78947,0.21028
0.78905,0.21065
0.7886,0.21107
0.78822,0.21141
0.78781,0.21179
0.78747,0.21209
0.78709,0.21245
0.78679,0.21272
0.78637,0.21311
0.78604,0.21342
0.78582,0.21362
0.78549,0.21393
0.78527,0.21414
0.78514,0.21425
0.78493,0.21446
0.78482,0.21456
0.78481,0.21456
0.78471,0.21465
0.78472,0.21463
0.78484,0.2145
0.78486,0.21448
0.78498,0.21435
0.78523,0.21409
0.78534,0.21398
0.7856,0.21372
0.78583,0.21349
0.78621,0.21311
0.78643,0.2129
0.78682,0.21251
0.78711,0.21223
0.78756,0.21177
0.78782,0.21151
0.78819,0.21114
0.78871,0.21062
0.78892,0.21041
0.78928,0.21004
0.78979,0.20953
0.78997,0.20934
0.7903,0.20901
0.79078,0.20852
0.79093,0.20836
0.79128,0.20801
0.79152,0.20775
0.79193,0.20733
0.79209,0.20717
0.79244,0.2068
0.79257,0.20666
0.79291,0.20631
0.79295,0.20626
0.79322,0.20598
0.79326,0.20593
0.7934,0.20579
0.79353,0.20564
0.79365,0.20551
0.79377,0.20539
0.79388,0.20527
0.79399,0.20515
0.79406,0.20508
0.79417,0.20497
0.79428,0.20484
0.79441,0.20471
0.79454,0.20457
0.79468,0.20442
0.79481,0.20428
0.79495,0.20413
0.79507,0.20399
0.7952,0.20386
0.7953,0.20376
0.79542,0.20364
0.79552,0.20353
0.79562,0.20343
0.79572,0.20334
0.79581,0.20326
0.79589,0.20319
0.79596,0.20313
0.79602,0.20307
0.79608,0.20303
0.79613,0.20298
0.79633,0.20278
0.79679,0.20234
0.79704,0.20208
0.79753,0.20158
0.79799,0.20112
0.79853,0.20058
0.79891,0.20021
0.79931,0.19981
0.80003,0.19909
0.80005,0.19907
0.8004,0.19873
0.80073,0.19839
0.80137,0.19775
0.80133,0.19779
0.8016,0.19751
0.80218,0.19693
0.8021,0.197
0.80234,0.19675
0.80286,0.19622
0.80278,0.19629
0.80299,0.19606
0.80322,0.19583
0.80373,0.19532
0.8034,0.19565
0.80323,0.19582
0.80347,0.19559
0.80284,0.19622
0.80256,0.19652
0.80226,0.19683
0.80183,0.19727
0.80153,0.19759
0.80125,0.19788
0.80077,0.19838
0.80035,0.19881
0.79993,0.19924
0.79947,0.1997
0.79906,0.20012
0.79866,0.20052
0.79825,0.20094
0.79784,0.20135
0.79745,0.20174
0.79707,0.20212
0.7967,0.20248
0.79635,0.20282
0.79602,0.20314
0.79571,0.20344
0.79541,0.20372
0.79514,0.20398
0.79488,0.20421
0.79465,0.20443
0.79442,0.20463
0.79422,0.20482
0.79402,0.20499
0.79384,0.20515
0.79366,0.20531
0.79349,0.20546
0.79332,0.20561
0.79316,0.20575
0.793,0.20589
0.79284,0.20604
0.79267,0.20618
0.79251,0.20633
0.79234,0.20649
0.79216,0.20665
0.79198,0.20681
0.7918,0.20698
0.79161,0.20715
0.79141,0.20733
0.79121,0.20752
0.79101,0.20771
0.79079,0.2079
0.79057,0.2081
0.79033,0.20831
0.79009,0.20853
0.78984,0.20876
0.78957,0.209
0.78928,0.20926
0.78898,0.20954
0.78865,0.20982
0.78831,0.21013
0.78794,0.21046
0.78756,0.21081
0.78714,0.21118
0.78671,0.21158
0.78625,0.21199
0.78577,0.21243
0.78527,0.21289
0.78475,0.21336
0.7842,0.21385
0.78365,0.21436
0.78307,0.21488
0.78249,0.21542
0.78189,0.21596
0.7812,0.21658
0.7806,0.21713
0.78013,0.21753
0.77945,0.21814
0.77889,0.21862
0.77835,0.21909
0.77781,0.21955
0.77729,0.22
0.77676,0.22043
0.7762,0.2209
0.77565,0.22136
0.77511,0.22181
0.77457,0.22224
0.77404,0.22267
0.77352,0.22309
0.773,0.2235
0.77248,0.2239
0.77197,0.2243
0.77146,0.22469
0.77095,0.22508
0.77043,0.22546
0.76989,0.22587
0.76937,0.22627
0.76885,0.22666
0.76834,0.22705
0.76784,0.22744
0.76736,0.22781
0.76688,0.22816
0.76643,0.22851
0.76598,0.22884
0.76554,0.22917
0.76515,0.22947
0.76478,0.22974
0.76443,0.22999
0.76411,0.23023
0.7638,0.23046
0.76352,0.23067
0.76325,0.23087
0.76299,0.23107
0.76275,0.23126
0.76252,0.23144
0.76229,0.23163
0.76207,0.23182
0.76177,0.23209
0.76148,0.23234
0.76119,0.23259
0.76089,0.23284
0.76061,0.23307
0.76034,0.23327
0.76008,0.23347
0.75982,0.23365
0.75957,0.23383
0.75931,0.234
0.75905,0.23417
0.75879,0.23435
0.75849,0.23455
0.75818,0.23478
0.75786,0.23502
0.75753,0.23527
0.75719,0.23553
0.75687,0.23578
0.75656,0.23604
0.75623,0.23632
0.7559,0.2366
0.75556,0.2369
0.75523,0.23718
0.75512,0.23726
0.75457,0.23778
0.75428,0.23804
0.75389,0.23839
0.75385,0.23842
0.75325,0.23899
0.75295,0.23927
0.75259,0.2396
0.75229,0.23986
0.75196,0.24016
0.75165,0.24045
0.75135,0.24072
0.75134,0.2407
0.75078,0.24123
0.75049,0.24148
0.75021,0.24174
0.74997,0.24196
0.74985,0.24207
0.74954,0.24237
0.74938,0.24253
0.74914,0.24276
0.74904,0.24287
0.74872,0.24319
0.7487,0.24322
0.74848,0.24346
0.74838,0.24358
0.74855,0.24343
0.74822,0.24379
0.74813,0.24389
0.74805,0.24399
0.74799,0.24408
0.74792,0.24416
0.74784,0.24424
0.74782,0.24427
0.74771,0.24437
0.74768,0.24439
0.74747,0.24458
0.74753,0.2445
0.74735,0.24461
0.74726,0.24466
0.74717,0.24473
0.74707,0.24479
0.747,0.24482
0.74683,0.24495
0.74671,0.24504
0.74659,0.24514
0.74684,0.24489
0.74636,0.24536
0.74622,0.24551
0.74644,0.24531
0.74599,0.24578
0.74585,0.24594
0.74576,0.24607
0.74583,0.24603
0.74544,0.24647
0.74537,0.24661
0.74523,0.2468
0.74513,0.24695
0.74507,0.24708
0.74524,0.24696
0.74475,0.24756
0.74469,0.24771
0.74502,0.24749
0.74453,0.24803
0.74438,0.24825
0.7444,0.24832
0.74414,0.24862
0.74403,0.24878
0.74408,0.24878
0.74363,0.24928
0.74344,0.24952
0.74361,0.24941
0.7432,0.24984
0.74304,0.25004
0.74288,0.25023
0.74271,0.25043
0.74247,0.25071
0.74225,0.25098
0.74204,0.25127
0.74218,0.25122
0.74167,0.2518
0.74142,0.25214
0.7412,0.25247
0.74099,0.25281
0.74075,0.25318
0.74039,0.25368
0.74005,0.2542
0.74006,0.25438
0.73976,0.25488
0.73965,0.25522
0.73929,0.25577
0.73912,0.25616
0.73904,0.25644
0.73842,0.25734
0.73824,0.2578
0.73832,0.25799
0.73777,0.25882
0.73751,0.25936
0.73726,0.25989
0.73707,0.26039
0.73679,0.26096
0.73651,0.26153
0.73647,0.26185
0.73627,0.26232
0.73611,0.26273
0.73595,0.26312
0.73581,0.26349
0.73567,0.26383
0.73554,0.26415
0.73542,0.26445
0.73531,0.26472
0.7352,0.26498
0.73511,0.26521
0.73502,0.26542
0.73495,0.26561
0.73488,0.26578
0.73482,0.26595
0.73478,0.26611
0.73472,0.26626
0.73468,0.2664
0.73462,0.26654
0.73458,0.26667
0.73453,0.26681
0.73447,0.26693
0.73443,0.26705
0.73433,0.26722
0.73426,0.26734
0.73422,0.26744
0.73429,0.26741
0.73408,0.26764
0.734,0.26775
0.73392,0.26785
0.73383,0.26795
0.73373,0.26805
0.73363,0.26814
0.73354,0.2682
0.73342,0.26829
0.73328,0.2684
0.73318,0.26844
0.73305,0.26851
0.73291,0.26857
0.73277,0.26864
0.73265,0.26866
0.73248,0.26873
0.7323,0.26879
0.73211,0.26887
0.73193,0.26891
0.73173,0.26897
0.73152,0.26903
0.7313,0.26908
0.73107,0.26914
0.73081,0.26922
0.73057,0.26928
0.73031,0.26935
0.73005,0.26941
0.72977,0.2695
0.72955,0.26951
0.72923,0.26963
0.72894,0.26972
0.72862,0.26983
0.72832,0.26994
0.72799,0.27008
0.72776,0.27014
0.72739,0.27034
0.7271,0.27047
0.72673,0.27068
0.7264,0.27086
0.72608,0.27104
0.72595,0.27104
0.72543,0.27142
0.725,0.27171
0.72461,0.27198
0.72461,0.27187
0.72401,0.27234
0.72364,0.27259
0.72325,0.27287
0.72293,0.27309
0.72247,0.27345
0.72228,0.27355
0.72171,0.27405
0.72134,0.27433
0.72094,0.27464
0.72058,0.27493
0.7202,0.27524
0.71982,0.27553
0.71943,0.27584
0.71905,0.27615
0.71867,0.27644
0.71834,0.2767
0.71795,0.277
0.71756,0.27731
0.71721,0.27759
0.71682,0.27788
0.71647,0.27813
0.71604,0.27847
0.71567,0.27874
0.71531,0.27901
0.71496,0.27926
0.7146,0.27952
0.71425,0.27977
0.71389,0.28001
0.71354,0.28025
0.7132,0.28049
0.71285,0.28073
0.71251,0.28097
0.71241,0.28095
0.71186,0.28138
0.71162,0.28148
0.71107,0.28188
0.71106,0.28175
0.7105,0.28215
0.71015,0.28235
0.70981,0.28255
0.70944,0.28275
0.70933,0.2827
0.70876,0.28311
0.70838,0.28334
0.70801,0.28354
0.70771,0.28368
0.70732,0.28392
0.70705,0.28404
0.70665,0.2843
0.70627,0.28453
0.70588,0.28478
0.70568,0.28484
0.70503,0.28536
0.70517,0.28515
0.70452,0.28567
0.70419,0.28588
0.7039,0.28606
0.70361,0.28625
0.70295,0.28684
0.7026,0.28712
0.70246,0.28718
0.70196,0.28761
0.70166,0.28785
0.70136,0.28809
0.70108,0.28833
0.70069,0.28867
0.70041,0.28891
0.69995,0.28934
0.6996,0.28965
0.69949,0.28971
0.69893,0.29023
0.69854,0.2906
0.69833,0.29079
0.69821,0.29091
0.69763,0.29147
0.69735,0.29174
0.69692,0.29218
0.69657,0.29251
0.69643,0.29262
0.69589,0.29314
0.69548,0.29354
0.69545,0.29357
0.69497,0.29408
0.69471,0.29438
0.69452,0.29461
0.69421,0.29498
0.69399,0.29527
0.69377,0.29556
0.69373,0.29567
0.69335,0.29614
0.69319,0.29639
0.69298,0.29669
0.69272,0.29705
0.6932,0.29669
0.69258,0.29741
0.69244,0.29766
0.69225,0.29795
0.69198,0.29831
0.69184,0.29855
0.69178,0.29877
0.69159,0.29906
0.69144,0.29932
0.69146,0.29941
0.69103,0.29992
0.69143,0.29965
0.69095,0.30019
0.69083,0.30038
0.69068,0.3006
0.69055,0.30082
0.69031,0.30112
0.69023,0.30126
0.69014,0.30141
0.69017,0.30144
0.68991,0.30173
0.68989,0.30178
0.68963,0.30204
0.68966,0.30206
0.68945,0.30228
0.68932,0.3024
0.68935,0.30237
0.68915,0.30254
0.68906,0.30262
0.68921,0.30246
0.68889,0.30278
0.68879,0.30288
0.68865,0.303
0.68913,0.30255
0.6886,0.30302
0.68849,0.30311
0.6885,0.30308
0.68836,0.30319
0.68876,0.30278
0.68809,0.30336
0.68801,0.30336
0.68786,0.30344
0.68799,0.30328
0.68756,0.30367
0.68729,0.30391
0.68705,0.30411
0.68685,0.30429
0.68671,0.3044
0.68661,0.30448
0.68655,0.30453
0.68639,0.3047
0.6862,0.30489
0.68601,0.30509
0.68584,0.30527
0.68566,0.30545
0.68553,0.30558
0.68536,0.30578
0.6852,0.30595
0.68498,0.30619
0.68485,0.30635
0.68474,0.30648
0.68457,0.30668
0.68464,0.30665
0.68426,0.30705
0.68461,0.30678
0.68407,0.30733
0.68396,0.30752
0.68401,0.30753
0.68387,0.30772
0.68438,0.30729
0.68365,0.30809
0.68336,0.30844
0.68317,0.30869
0.68323,0.3087
0.68354,0.30847
0.6832,0.30887
0.68337,0.30878
0.68302,0.3092
0.68296,0.30933
0.68268,0.30967
0.68277,0.30966
0.68266,0.30983
0.68256,0.31
0.68245,0.31016
0.68228,0.31037
0.68214,0.31056
0.68199,0.31075
0.68184,0.31094
0.68169,0.31113
0.68151,0.31134
0.68153,0.31134
0.68113,0.31176
0.68094,0.31198
0.68069,0.31224
0.68045,0.3125
0.68042,0.31254
0.68006,0.3129
0.67967,0.3133
0.67935,0.31363
0.67914,0.31383
0.67878,0.31415
0.67848,0.31443
0.67822,0.31464
0.67781,0.31501
0.67744,0.31533
0.67728,0.31544
0.67668,0.316
0.67641,0.31624
0.67586,0.31674
0.67555,0.31703
0.67509,0.31745
0.67487,0.31764
0.6743,0.31817
0.67389,0.31854
0.67331,0.31909
0.67303,0.31933
0.67252,0.31977
0.67251,0.31974
0.67169,0.32046
0.6712,0.32088
0.67076,0.32127
0.67029,0.32168
0.6701,0.32182
0.66943,0.32242
0.6691,0.32272
0.66856,0.32318
0.66814,0.32358
0.66763,0.32404
0.66719,0.32444
0.66674,0.32482
0.66665,0.32486
0.66593,0.32548
0.66558,0.32574
0.66504,0.32627
0.66482,0.32647
0.66427,0.32695
0.66388,0.32728
0.66357,0.32756
0.66292,0.32811
0.66248,0.32849
0.6621,0.32883
0.66172,0.32912
0.66134,0.32942
0.66098,0.3297
0.66059,0.32998
0.66036,0.33012
0.65985,0.33052
0.6596,0.33071
0.65914,0.33112
0.65889,0.33134
0.65846,0.33172
0.65823,0.33191
0.65786,0.33223
0.65758,0.33246
0.65731,0.3327
0.65703,0.33293
0.65675,0.33317
0.65673,0.33318
0.65636,0.33354
0.65617,0.33372
0.656,0.33383
0.65581,0.33401
0.65583,0.33399
0.65557,0.33426
0.65558,0.33428
0.65539,0.3345
0.6553,0.33462
0.65518,0.33479
0.65539,0.33463
0.65511,0.3349
0.65504,0.33503
0.6553,0.33485
0.65498,0.33523
0.65517,0.33509
0.65501,0.33526
0.65513,0.33516
0.65514,0.33518
0.65519,0.33518
0.655,0.33542
0.65499,0.33549
0.65503,0.33551
0.65511,0.33547
0.65514,0.3355
0.65546,0.33525
0.65532,0.33542
0.65571,0.33512
0.65552,0.33542
0.65539,0.3357
0.65517,0.33599
0.65566,0.33562
0.65574,0.33563
0.65578,0.33571
0.65582,0.33581
0.65593,0.33566
0.65596,0.33588
0.65602,0.33606
0.65606,0.33619
0.65634,0.33608
0.65624,0.33633
0.65631,0.33644
0.65637,0.3365
0.6564,0.33662
0.65675,0.33642
0.65647,0.33677
0.65658,0.33678
0.65649,0.33696
0.65672,0.33683
0.65646,0.33717
0.65668,0.33711
0.65643,0.33746
0.6565,0.33752
0.65632,0.33781
0.65649,0.33781
0.65625,0.33814
0.65617,0.3383
0.65607,0.33849
0.65597,0.33872
0.65576,0.33896
0.65587,0.33889
0.6556,0.33913
0.65582,0.339
0.6553,0.33945
0.65497,0.33974
0.65512,0.33959
0.65469,0.33997
0.65446,0.34021
0.65444,0.34025
0.65404,0.3406
0.65385,0.34078
0.65359,0.34103
0.65353,0.34109
0.65309,0.34149
0.65287,0.34169
0.65262,0.34194
0.65232,0.34221
0.65227,0.3423
0.65178,0.34275
0.65152,0.34299
0.65151,0.343
0.65105,0.34336
0.65085,0.34356
0.65047,0.34389
0.65021,0.34416
0.6499,0.34447
0.64959,0.34477
0.64929,0.34507
0.64925,0.34514
0.64874,0.3456
0.64856,0.34585
0.64804,0.34634
0.64792,0.34652
0.64747,0.34689
0.64718,0.34717
0.64714,0.34721
0.6466,0.3476
0.64646,0.34774
0.64591,0.34816
0.64563,0.34843
0.6452,0.34885
0.64501,0.34912
0.64461,0.34948
0.6445,0.34966
0.64387,0.35011
0.64364,0.35033
0.64325,0.35067
0.64288,0.35098
0.64252,0.35123
0.64227,0.35139
0.64183,0.35165
0.64147,0.35187
0.64111,0.35209
0.64087,0.35222
0.64039,0.35248
0.64004,0.3527
0.63972,0.35293
0.6393,0.35318
0.639,0.35333
0.6386,0.35356
0.63824,0.35378
0.63789,0.35398
0.63749,0.35418
0.63733,0.35422
0.63684,0.35443
0.63649,0.35463
0.63635,0.35467
0.63585,0.35502
0.63572,0.35507
0.63527,0.3554
0.63497,0.35563
0.63483,0.35572
0.6344,0.35589
0.6342,0.35596
0.63378,0.35611
0.63352,0.35625
0.63327,0.35644
0.63306,0.35654
0.63283,0.35674
0.63242,0.35709
0.63228,0.35732
0.63235,0.35739
0.63201,0.3577
0.632,0.35789
0.63177,0.35814
0.63183,0.35819
0.63154,0.3583
0.63134,0.35851
0.63136,0.35859
0.63119,0.35871
0.63098,0.35883
0.6311,0.35875
0.63089,0.35883
0.63082,0.35894
0.63075,0.35907
0.63099,0.35902
0.63067,0.35924
0.63076,0.35927
0.63067,0.35946
0.63095,0.35937
0.6307,0.35959
0.63099,0.35952
0.63074,0.3597
0.63067,0.35986
0.63106,0.35964
0.63073,0.35978
0.6307,0.35981
0.63072,0.35977
0.63069,0.35978
0.63093,0.35958
0.6307,0.35959
0.63107,0.3593
0.63068,0.3595
0.63065,0.35965
0.63046,0.35992
0.6312,0.35928
0.63076,0.35972
0.63039,0.36022
0.63035,0.36047
0.63007,0.36085
0.63083,0.36039
0.63054,0.36031
0.63036,0.36046
0.63039,0.36047
0.63012,0.36063
0.6302,0.36057
0.62994,0.36071
0.62974,0.36097
0.62987,0.361
0.62954,0.36129
0.63013,0.36093
0.62953,0.36122
0.62955,0.36129
0.62918,0.36165
0.62929,0.3617
0.62892,0.362
0.62887,0.36212
0.62879,0.36215
0.62878,0.36227
0.62841,0.3627
0.62828,0.36293
0.62845,0.36283
0.62806,0.36298
0.62808,0.36291
0.62764,0.36324
0.62756,0.36338
0.62723,0.36361
0.62721,0.36364
0.62683,0.36391
0.62659,0.36417
0.62633,0.3643
0.62603,0.36455
0.62578,0.36481
0.62569,0.36487
0.62528,0.36521
0.62505,0.36545
0.62478,0.3656
0.62446,0.3658
0.62404,0.36618
0.62372,0.36647
0.62351,0.36668
0.62332,0.36689
0.62299,0.3672
0.6227,0.36748
0.6224,0.36775
0.62246,0.36762
0.62181,0.36813
0.62143,0.36849
0.62112,0.36875
0.62072,0.36907
0.62036,0.3694
0.62,0.36974
0.61962,0.37009
0.61924,0.37043
0.61887,0.37071
0.61854,0.37117
0.61814,0.37147
0.61776,0.37174
0.61739,0.37207
0.61738,0.37209
0.61681,0.3724
0.61712,0.37214
0.6164,0.37246
0.61545,0.37363
0.61485,0.37454
0.61462,0.37494
0.61421,0.37515
0.61416,0.3753
0.61373,0.3758
0.61346,0.37594
0.61341,0.37613
0.61298,0.3763
0.61271,0.37649
0.61244,0.37676
0.61208,0.37725
0.61181,0.37755
0.61157,0.37781
0.61135,0.37798
0.61113,0.37811
0.61102,0.37805
0.61091,0.37793
0.61045,0.37865
0.61032,0.37891
0.61036,0.37862
0.61,0.37916
0.60991,0.37927
0.60975,0.37928
0.60965,0.37938
0.60954,0.37953
0.60946,0.37956
0.60932,0.37972
0.60927,0.37982
0.60918,0.37989
0.60915,0.38
0.60906,0.3801
0.60916,0.38
0.60928,0.37953
0.60888,0.38049
0.60899,0.3802
0.60882,0.38056
0.60894,0.38032
0.60874,0.38039
0.60872,0.38043
0.60878,0.38029
0.60873,0.38043
0.60871,0.38048
0.60869,0.38058
0.60916,0.3798
0.60866,0.38066
0.6089,0.38014
0.60857,0.38056
0.60847,0.38066
0.60859,0.38028
0.60885,0.37956
0.60837,0.38072
0.60874,0.38036
0.60842,0.38099
0.60878,0.38033
0.60842,0.38084
0.60865,0.38092
0.60838,0.38083
0.60831,0.38063
0.60818,0.3806
0.60859,0.37996
0.6081,0.38016
0.60904,0.37894
0.60808,0.38036
0.60764,0.38076
0.60732,0.38159
0.60768,0.38112
0.60732,0.38119
0.60772,0.38205
0.60754,0.38208
0.6074,0.38188
0.60755,0.38102
0.60732,0.3812
0.60763,0.38059
0.60688,0.38186
0.60699,0.3825
0.60684,0.38233
0.60677,0.38209
0.60677,0.38126
0.60669,0.38201
0.60683,0.38149
0.60661,0.38229
0.60658,0.38259
0.60653,0.38262
0.60645,0.38295
0.60646,0.38307
0.60638,0.38313
0.60655,0.38287
0.60628,0.38302
0.60611,0.38348
0.60612,0.38322
0.60647,0.38232
0.60624,0.38307
0.60584,0.38426
0.60614,0.38348
0.60587,0.38444
0.60574,0.38486
0.60562,0.38504
0.60556,0.38515
0.60547,0.38537
0.60538,0.38558
0.60581,0.38455
0.60524,0.3861
0.60535,0.3855
0.6051,0.3864
0.60474,0.38682
0.60537,0.38555
0.60456,0.38688
0.60454,0.38757
0.60447,0.38752
0.60444,0.3876
0.60419,0.38782
0.60405,0.38799
0.60397,0.38816
0.60384,0.38833
0.60384,0.38823
0.60366,0.38874
0.60369,0.38892
0.60353,0.38851
0.60342,0.38948
0.60311,0.38932
0.60317,0.3895
0.60288,0.39005
0.60269,0.39037
0.60305,0.38941
0.60255,0.39081
0.60236,0.39114
0.60237,0.3911
0.60204,0.39151
0.60212,0.39196
0.60173,0.39202
0.60166,0.39224
0.60138,0.3926
0.6011,0.39308
0.60102,0.39293
0.60097,0.39325
0.60075,0.3938
0.60063,0.39401
0.60055,0.39408
0.60036,0.39442
0.60025,0.39455
0.60019,0.39475
0.60006,0.39496
0.60003,0.39506
0.59987,0.39529
0.59973,0.39541
0.59987,0.39518
0.59957,0.39555
0.59967,0.39546
0.59936,0.39561
0.59926,0.39567
0.59941,0.39473
0.59921,0.39585
0.5993,0.39518
0.59923,0.39564
0.59942,0.39488
0.59915,0.39627
0.59897,0.39647
0.59904,0.39587
0.59948,0.39479
0.59919,0.39605
0.59905,0.39613
0.59917,0.39579
0.59905,0.3956
0.5992,0.39531
0.5991,0.39536
0.59926,0.39524
0.5992,0.39517
0.59935,0.39511
0.59936,0.39519
0.59939,0.39525
0.5995,0.39506
0.59951,0.395
0.59965,0.39474
0.59976,0.39407
0.59986,0.3946
0.59969,0.3948
0.59966,0.39473
0.59982,0.39449
0.60016,0.39338
0.60019,0.39388
0.60025,0.39396
0.60056,0.39354
0.60047,0.39373
0.60059,0.39335
0.60059,0.39352
0.60123,0.39271
0.60071,0.39298
0.60133,0.39176
0.60073,0.39242
0.60105,0.39273
0.60093,0.39229
0.60087,0.39278
0.60104,0.39211
0.6009,0.39261
0.60097,0.39259
0.60086,0.39268
0.60078,0.3927
0.60093,0.39256
0.6007,0.39264
0.60065,0.39268
0.60042,0.39254
0.6004,0.39291
0.60022,0.39288
0.60009,0.39301
0.60007,0.39273
0.59987,0.39307
0.59961,0.39349
0.59995,0.39205
0.59939,0.39347
0.59914,0.39369
0.59942,0.39221
0.59895,0.39374
0.59918,0.39246
0.59849,0.39353
0.5984,0.39353
0.598,0.39342
0.59785,0.393
0.59756,0.39297
0.59811,0.39136
0.59729,0.39306
0.59699,0.39327
0.59675,0.39328
0.59661,0.3932
0.59632,0.39336
0.59616,0.39311
0.59583,0.39342
0.5958,0.39319
0.5953,0.39359
0.59478,0.39319
0.59553,0.39155
0.59463,0.39364
0.59432,0.39386
0.59448,0.39301
0.59375,0.3939
0.59338,0.3943
0.59308,0.39443
0.59288,0.39432
0.59283,0.39372
0.59225,0.395
0.59241,0.39394
0.59164,0.39543
0.59126,0.3957
0.59095,0.39596
0.59054,0.39623
0.59018,0.3965
0.58986,0.39676
0.58949,0.39698
0.58914,0.39724
0.5888,0.39751
0.58851,0.3976
0.58815,0.39806
0.58793,0.39835
0.58755,0.39858
0.58724,0.39887
0.58759,0.39774
0.58673,0.39927
0.58648,0.39995
0.58633,0.3998
0.58589,0.40016
0.58595,0.3999
0.58548,0.40071
0.58523,0.40089
0.585,0.40123
0.58494,0.4013
0.58458,0.40186
0.58449,0.40186
0.5841,0.40235
0.5838,0.40264
0.58357,0.403
0.58333,0.40319
0.58307,0.40343
0.583,0.40355
0.58262,0.40421
0.58232,0.40429
0.58244,0.40373
0.58201,0.40463
0.58186,0.40492
0.58161,0.40513
0.58144,0.4053
0.58126,0.4055
0.5811,0.4057
0.58106,0.40581
0.5808,0.40631
0.58055,0.40646
0.58034,0.40622
0.58016,0.4063
0.57993,0.40648
0.5799,0.40657
0.57962,0.40687
0.57945,0.40672
0.57927,0.40683
0.57905,0.4067
0.57901,0.407
0.57887,0.40682
0.5786,0.40681
0.57859,0.40691
0.57849,0.40689
0.5784,0.40681
0.57835,0.40675
0.57811,0.40664
0.57809,0.40654
0.57794,0.40644
0.5779,0.40638
0.57769,0.40618
0.57776,0.40606
0.57766,0.40606
0.57765,0.406
0.57758,0.40587
0.57758,0.40571
0.57756,0.40559
0.57753,0.40549
0.57749,0.4054
0.57747,0.40517
0.57799,0.40421
0.57769,0.40496
0.5777,0.40491
0.57759,0.40413
0.57774,0.40454
0.57772,0.40438
0.57775,0.40446
0.5776,0.40401
0.57779,0.40437
0.57769,0.40439
0.57764,0.404
0.57759,0.40419
0.57754,0.40421
0.57749,0.4042
0.57742,0.40427
0.57728,0.40412
0.57736,0.40402
0.57728,0.40415
0.57727,0.40427
0.57723,0.40426
0.57736,0.40368
0.57726,0.40426
0.57734,0.40385
0.57725,0.40419
0.57746,0.40362
0.57728,0.40402
0.57749,0.40405
0.57736,0.40419
0.57732,0.40386
0.57733,0.40403
0.57757,0.40348
0.5774,0.40405
0.5774,0.40409
0.5774,0.40396
0.57732,0.404
0.57734,0.40406
0.57728,0.4041
0.57732,0.40418
0.57748,0.4037
0.57735,0.40418
0.5775,0.40377
0.57738,0.40422
0.57738,0.40428
0.57738,0.40421
0.57736,0.40429
0.57743,0.40395
0.57744,0.40444
0.57734,0.40456
0.57733,0.40465
0.57744,0.40416
0.5773,0.40468
0.57748,0.40426
0.57732,0.40485
0.57758,0.40432
0.57719,0.40478
0.57772,0.40413
0.57735,0.40497
0.57719,0.40478
0.57725,0.40501
0.57709,0.40487
0.57722,0.405
0.57712,0.40523
0.57701,0.40532
0.57699,0.40544
0.57691,0.40486
0.57683,0.40567
0.57665,0.40574
0.57668,0.4053
0.5764,0.40602
0.57651,0.40565
0.57617,0.40632
0.57597,0.4065
0.57575,0.40625
0.57566,0.40679
0.57541,0.40693
0.57533,0.40715
0.57507,0.4072
0.57496,0.40738
0.57472,0.40755
0.57455,0.40789
0.57421,0.40799
0.57412,0.40802
0.57384,0.40828
0.57375,0.4088
0.57363,0.40853
0.57331,0.40893
0.57313,0.40866
0.57281,0.40875
0.57287,0.40887
0.57251,0.40907
0.57249,0.40944
0.57225,0.40965
0.57222,0.40936
0.57184,0.40967
0.57181,0.40964
0.57138,0.40955
0.57145,0.40983
0.57115,0.40975
0.57112,0.40989
0.57089,0.41012
0.57079,0.41025
0.57051,0.41024
0.57047,0.41044
0.57024,0.41044
0.57003,0.41042
0.56998,0.41052
0.56986,0.41063
0.57006,0.41048
0.57027,0.41055
0.57064,0.41089
0.57096,0.41079
0.57171,0.41074
0.57208,0.4104
0.57275,0.41035
0.5732,0.41008
0.57348,0.40968
0.57397,0.40953
0.57431,0.40919
0.57462,0.40891
0.57501,0.40889
0.57529,0.40847
0.5758,0.4087
0.57614,0.40822
0.57654,0.40822
0.57626,0.40758
0.5771,0.40767
0.57706,0.40799
0.57728,0.40834
0.5771,0.40833
0.57748,0.40786
0.57689,0.40866
0.57688,0.40922
0.57653,0.40926
0.57638,0.40989
0.57587,0.40989
0.57624,0.40954
0.57551,0.41062
0.57515,0.41099
0.57464,0.41106
0.57482,0.41129
0.57452,0.4121
0.57455,0.41241
0.57425,0.41284
0.57445,0.41295
0.57415,0.41344
0.57427,0.41361
0.5744,0.41318
0.57422,0.41333
0.57449,0.41369
0.5746,0.41353
0.57486,0.41396
0.57503,0.41386
0.57513,0.4139
0.5755,0.41365
0.57561,0.41419
0.57563,0.41389
0.57577,0.4141
0.57594,0.41418
0.57601,0.41434
0.57606,0.41434
0.57619,0.4149
0.5761,0.41492
0.57598,0.41433
0.57563,0.41456
0.57585,0.41489
0.57587,0.41508
0.57579,0.41518
0.57596,0.41567
0.57583,0.41583
0.57588,0.41515
0.57557,0.41609
0.57532,0.41622
0.57513,0.41649
0.57469,0.41654
0.57514,0.41581
0.57449,0.41676
0.5745,0.41711
0.57409,0.41712
0.57408,0.41762
0.5737,0.41791
0.5732,0.41795
0.57307,0.41836
0.57244,0.41817
0.57248,0.41886
0.57198,0.41905
0.57164,0.4194
0.57119,0.41968
0.57057,0.41973
0.57045,0.42039
0.56999,0.42077
0.56954,0.42109
0.56921,0.42139
0.56883,0.42147
0.56845,0.42183
0.56791,0.42195
0.56769,0.42249
0.56714,0.42274
0.56691,0.42305
0.56643,0.42303
0.56651,0.42345
0.56617,0.42368
0.56583,0.42387
0.56552,0.42407
0.56516,0.42424
0.56492,0.42449
0.56465,0.42468
0.56418,0.42465
0.56424,0.42491
0.56377,0.42479
0.56377,0.42518
0.56358,0.42518
0.56337,0.42526
0.56338,0.42494
0.56301,0.4252
0.56315,0.42546
0.56265,0.42537
0.56292,0.4258
0.56262,0.42547
0.56243,0.42536
0.56191,0.42504
0.56226,0.42547
0.56218,0.42549
0.56212,0.42554
0.56183,0.42535
0.56216,0.42568
0.56203,0.42562
0.56188,0.42561
0.56173,0.42557
0.56179,0.42572
0.56139,0.42558
0.56164,0.42532
0.56132,0.4255
0.56161,0.42587
0.56131,0.42557
0.56157,0.42601
0.5613,0.42583
0.56146,0.42623
0.56103,0.426
0.56114,0.42616
0.56107,0.42636
0.56088,0.4264
0.56078,0.42655
0.56059,0.42664
0.56064,0.42696
0.56041,0.42691
0.56096,0.42662
0.56015,0.42747
0.56121,0.42645
0.5606,0.42684
0.56125,0.4269
0.56036,0.42683
0.56251,0.42443
0.56183,0.42691
0.56215,0.42675
0.56142,0.42651
0.56247,0.42638
0.56215,0.42669
0.56231,0.42733
0.56245,0.42647
0.56228,0.42727
0.56211,0.42735
0.56264,0.42585
0.5623,0.42725
0.56214,0.42689
0.56211,0.42724
0.56217,0.4274
0.56232,0.4277
0.5623,0.42764
0.56194,0.4274
0.56227,0.42764
0.56201,0.42746
0.56267,0.42761
0.56255,0.42786
0.56267,0.42752
0.56242,0.42772
0.56261,0.428
0.56221,0.42785
0.5627,0.42784
0.56248,0.42824
0.56246,0.42823
0.56183,0.42787
0.56293,0.42747
0.56249,0.42755
0.56295,0.42788
0.56271,0.42771
0.56313,0.42814
0.56305,0.42829
0.56325,0.42768
0.5629,0.42833
0.56309,0.42782
0.56273,0.42854
0.56318,0.42811
0.56305,0.42837
0.56321,0.42861
0.5631,0.4288
0.56279,0.42864
0.56307,0.42907
0.56307,0.429
0.56318,0.42925
0.56303,0.42935
0.56289,0.42955
0.56283,0.42974
0.56286,0.42983
0.56296,0.43021
0.56282,0.4304
0.56251,0.43043
0.56298,0.43013
0.56275,0.43055
0.56283,0.43082
0.5626,0.43082
0.56296,0.43124
0.56257,0.43118
0.5636,0.43061
0.56323,0.43094
0.56366,0.43125
0.56368,0.43102
0.56374,0.43176
0.56377,0.43153
0.56391,0.43158
0.56369,0.43138
0.56421,0.43182
0.56347,0.43164
0.56479,0.43097
0.56458,0.43191
0.56452,0.43188
0.56425,0.4316
0.56433,0.4321
0.56383,0.43201
0.56449,0.43191
0.56359,0.432
0.5658,0.42948
0.56432,0.43175
0.56489,0.43202
0.56424,0.43182
0.56434,0.43238
0.56408,0.43231
0.56427,0.43204
0.56367,0.43186
0.56412,0.43231
0.5637,0.43242
0.56349,0.43243
0.56289,0.43229
0.56305,0.43261
0.56259,0.43224
0.56272,0.4327
0.56223,0.43257
0.5622,0.43261
0.56189,0.43277
0.56174,0.43275
0.56141,0.43274
0.56141,0.43267
0.56097,0.4329
0.56088,0.4329
0.56055,0.43281
0.56,0.43222
0.56025,0.43269
0.55972,0.43229
0.56049,0.4315
0.56013,0.43217
0.56003,0.43183
0.55956,0.43153
0.5601,0.43088
0.55977,0.43142
0.55969,0.43147
0.55987,0.43094
0.55991,0.43087
0.55973,0.43018
0.56001,0.43047
0.5595,0.42982
0.56064,0.42773
0.55996,0.42948
0.56012,0.42936
0.55977,0.42879
0.56016,0.42898
0.56012,0.42876
0.56034,0.42882
0.56024,0.42867
0.56011,0.42855
0.55991,0.42859
0.56002,0.42795
0.55985,0.42845
0.56001,0.42802
0.55961,0.42783
0.55986,0.42803
0.55919,0.42757
0.56081,0.42562
0.55967,0.42704
0.5605,0.42776
0.56067,0.42737
0.55999,0.42769
0.56049,0.42727
0.56026,0.42699
0.56032,0.42708
0.55998,0.42691
0.56003,0.42722
0.56,0.42685
0.55994,0.42764
0.56037,0.42645
0.55935,0.42759
0.55927,0.42764
0.55808,0.42793
0.55956,0.42577
0.55876,0.4276
0.55905,0.42748
0.55852,0.42731
0.55856,0.42766
0.55789,0.42744
0.55848,0.42718
0.55814,0.42825
0.55819,0.42765
0.55767,0.42783
0.55768,0.42803
0.55709,0.42786
0.55712,0.42797
0.55701,0.428
0.55701,0.42839
0.55711,0.42746
0.55658,0.42903
0.55645,0.42827
0.55615,0.4286
0.55599,0.4283
0.55581,0.42869
0.55572,0.42793
0.55516,0.42979
0.55493,0.42877
0.55479,0.42916
0.55445,0.4289
0.55462,0.42947
0.55393,0.4293
0.55445,0.42865
