algorithm,nev,time
AMLS,13.0,8.665957
AMLS,14.0,9.758627
AMLS,15.0,10.101564
AMLS,16.0,13.045164
AMLS,21.0,14.885556
AMLS,22.0,16.80753
AMLS,24.0,16.896433
AMLS,26.0,17.909936
AMLS,28.0,20.266893
AMLS,30.0,21.838996
AMLS,33.0,27.472052
AMLS,35.0,30.903405
AMLS,36.0,27.583243
AMLS,37.0,33.333186
AMLS,40.0,31.738293
AMLS,41.0,37.299275
AMLS,42.0,37.508778
AMLS,43.0,45.606446
AMLS,44.0,42.452208
AMLS,46.0,52.163312
AMLS,48.0,50.324324
AMLS,52.0,49.352548
AMLS,55.0,62.426773
AMLS,59.0,56.130038
AMLS,61.0,60.648016
AMLS,65.0,61.019678
AMLS,68.0,69.055758
AMLS,69.0,63.372146
AMLS,71.0,74.796021
AMLS,73.0,98.598634
AMLS,75.0,88.123407
AMLS,77.0,99.747926
AMLS,80.0,101.86694
AMLS,81.0,98.322641
AMLS,83.0,103.170975
AMLS,84.0,116.968086
AMLS,85.0,121.637954
AMLS,86.0,110.331112
AMLS,88.0,127.193725
AMLS,91.0,130.258052
AMLS,93.0,127.123884
AMLS,95.0,128.472251
AMLS,97.0,138.34207
AMLS,100.0,155.560618
AMLS,101.0,151.269336
AMLS,105.0,156.861193
AMLS,108.0,171.983997
AMLS,109.0,151.596044
AMLS,112.0,144.926051
AMLS,114.0,176.120133
AMLS,116.0,201.850883
AMLS,118.0,184.800511
AMLS,120.0,171.956188
AMLS,122.0,193.638018
AMLS,125.0,187.822196
AMLS,128.0,193.99365
AMLS,131.0,175.675466
AMLS,133.0,201.876624
AMLS,134.0,208.138871
AMLS,135.0,245.582216
AMLS,136.0,205.226627
AMLS,139.0,217.839645
AMLS,140.0,250.462835
AMLS,141.0,237.785255
AMLS,143.0,249.542772
AMLS,144.0,233.737462
AMLS,145.0,254.770585
AMLS,148.0,228.454387
AMLS,149.0,228.742858
AMLS,151.0,276.844251
AMLS,153.0,293.117272
AMLS,154.0,332.303569
AMLS,156.0,311.533127
AMLS,159.0,373.629515
AMLS,160.0,422.84639
AMLS,161.0,388.746559
AMLS,163.0,412.885863
AMLS,165.0,351.846179
AMLS,167.0,380.774758
AMLS,169.0,398.27483
AMLS,170.0,517.039778
AMLS,173.0,455.573947
AMLS,174.0,321.232579
AMLS,175.0,459.327133
AMLS,177.0,384.630042
AMLS,178.0,459.115903
AMLS,179.0,384.508821
AMLS,180.0,433.691463
AMLS,181.0,446.828582
AMLS,182.0,480.561325
AMLS,183.0,533.620825
AMLS,186.0,420.90103
AMLS,188.0,458.526348
AMLS,193.0,482.465764
AMLS,196.0,465.24364
AMLS,198.0,488.750411
AMLS,199.0,515.682133
AMLS,202.0,468.527811
AMLS,204.0,573.020611
AMLS,206.0,471.080577
AMLS,208.0,622.510153
AMLS,213.0,602.604875
AMLS,216.0,527.717742
AMLS,219.0,659.509997
AMLS,220.0,706.469206
AMLS,222.0,648.586979
AMLS,224.0,687.5651
AMLS,228.0,602.30746
AMLS,231.0,691.098584
AMLS,235.0,647.655044
AMLS,237.0,599.454469
AMLS,240.0,726.493211
AMLS,242.0,640.720931
AMLS,246.0,734.142662
AMLS,249.0,762.675691
AMLS,252.0,845.129242
AMLS,254.0,742.670591
AMLS,257.0,754.435662
AMLS,259.0,697.843173
AMLS,261.0,729.088317
AMLS,264.0,773.942027
AMLS,266.0,771.181557
AMLS,269.0,807.719675
AMLS,271.0,833.348279
AMLS,274.0,973.545009
AMLS,277.0,733.762844
AMLS,279.0,871.107004
AMLS,280.0,898.003442
AMLS,283.0,813.404723
AMLS,285.0,941.710316
AMLS,288.0,854.896483
AMLS,291.0,910.23391
AMLS,293.0,772.578688
AMLS,296.0,1031.081395
AMLS,297.0,913.750766
AMLS,299.0,820.609431
AMLS,301.0,914.614456
AMLS,304.0,1018.088588
AMLS,305.0,997.872809
AMLS,307.0,940.123522
AMLS,309.0,988.249752
AMLS,312.0,898.729956
AMLS,314.0,1024.037665
AMLS,315.0,966.781322
AMLS,316.0,940.359247
AMLS,319.0,992.178166
AMLS,321.0,1057.758319
AMLS,322.0,851.030755
AMLS,325.0,1048.985471
AMLS,326.0,1010.509726
AMLS,327.0,1148.856751
AMLS,328.0,928.806514
AMLS,329.0,838.099649
AMLS,330.0,1036.165763
AMLS,331.0,968.732628
AMLS,332.0,960.198328
AMLS,334.0,1064.88347
AMLS,335.0,1062.391944
AMLS,336.0,1014.133047
AMLS,337.0,928.913336
AMLS,338.0,850.645204
AMLS,340.0,825.056915
AMLS,341.0,925.156249
AMLS,343.0,930.218938
AMLS,344.0,1200.264365
AMLS,345.0,1300.420021
AMLS,348.0,1161.38356
AMLS,350.0,867.597861
AMLS,352.0,971.392781
AMLS,354.0,1036.592151
AMLS,355.0,1307.557811
AMLS,357.0,883.711873
AMLS,359.0,1097.426298
AMLS,362.0,846.970492
AMLS,364.0,853.241093
AMLS,365.0,853.511509
AMLS,367.0,918.524703
AMLS,369.0,884.24757
AMLS,370.0,896.073375
AMLS,372.0,918.813832
AMLS,375.0,928.358325
AMLS,376.0,966.373684
AMLS,379.0,922.765497
AMLS,380.0,959.462848
AMLS,382.0,931.304253
AMLS,386.0,960.825034
AMLS,389.0,996.574144
AMLS,393.0,1001.014641
AMLS,397.0,1026.458351
AMLS,400.0,1007.361775
AMLS,403.0,1126.18357
AMLS,404.0,1040.010484
AMLS,407.0,1096.759566
AMLS,409.0,1033.098547
AMLS,411.0,1116.967338
AMLS,414.0,1105.294335
AMLS,416.0,1134.636045
AMLS,421.0,1218.894058
AMLS,423.0,1094.557751
AMLS,425.0,1257.87163
AMLS,427.0,1259.88974
AMLS,429.0,1099.535287
AMLS,432.0,1120.068255
AMLS,435.0,1179.620109
AMLS,437.0,1157.544759
AMLS,441.0,1152.6866
AMLS,443.0,1334.730629
AMLS,445.0,1409.774844
AMLS,448.0,1183.286399
AMLS,450.0,1241.727935
AMLS,455.0,1354.998147
AMLS,458.0,1247.280112
AMLS,461.0,1233.929018
AMLS,464.0,1401.922822
AMLS,468.0,1280.922193
AMLS,472.0,1520.748803
AMLS,474.0,1382.748873
AMLS,477.0,1251.186088
AMLS,480.0,1324.082257
AMLS,483.0,1352.077137
AMLS,485.0,1424.407925
AMLS,487.0,1309.934097
AMLS,490.0,1342.77862
AMLS,491.0,1466.135796
AMLS,494.0,1472.361783
AMLS,495.0,1351.336993
CMS,18.0,24.652
CMS,19.0,28.6575
CMS,20.0,30.5566
CMS,23.0,41.3305
CMS,26.0,55.7072
CMS,27.0,65.2729
CMS,28.0,69.1417
CMS,29.0,77.3513
CMS,31.0,87.7694
CMS,34.0,97.931
CMS,39.0,104.652
CMS,45.0,106.769
CMS,46.0,110.385
CMS,48.0,106.142
CMS,51.0,109.469
CMS,53.0,109.881
CMS,56.0,113.808
CMS,60.0,116.019
CMS,63.0,119.263
CMS,66.0,123.751
CMS,73.0,126.596
CMS,76.0,108.372
CMS,78.0,110.133
CMS,81.0,111.375
CMS,82.0,114.626
CMS,84.0,118.62
CMS,85.0,118.671
CMS,86.0,121.598
CMS,87.0,124.513
CMS,88.0,123.855
CMS,89.0,128.16
CMS,100.0,148.373
CMS,109.0,150.911
CMS,121.0,170.198
CMS,132.0,178.424
CMS,147.0,202.771
CMS,151.0,204.875
CMS,154.0,216.348
CMS,164.0,232.63
CMS,176.0,250.533
CMS,181.0,261.798
CMS,186.0,263.215
CMS,192.0,283.588
CMS,196.0,291.866
CMS,200.0,310.481
CMS,208.0,321.299
CMS,210.0,336.435
CMS,222.0,351.789
CMS,223.0,363.587
CMS,238.0,387.829
CMS,256.0,412.014
CMS,267.0,419.93
CMS,283.0,448.622
CMS,287.0,453.745
CMS,301.0,485.72
CMS,305.0,482.475
CMS,309.0,498.891
CMS,312.0,504.91
CMS,322.0,521.146
CMS,323.0,524.669
CMS,330.0,532.764
CMS,336.0,560.903
CMS,338.0,553.883
CMS,341.0,570.994
CMS,344.0,570.555
CMS,353.0,592.499
CMS,354.0,595.677
CMS,359.0,619.05
CMS,366.0,632.224
CMS,367.0,630.866
CMS,370.0,625.738
CMS,381.0,663.317
CMS,385.0,664.904
CMS,388.0,673.112
CMS,397.0,702.784
CMS,402.0,698.691
CMS,405.0,699.099
CMS,411.0,715.038
CMS,413.0,715.094
CMS,424.0,746.684
CMS,425.0,740.679
CMS,429.0,754.117
CMS,433.0,753.373
CMS,447.0,778.897
CMS,448.0,779.606
CMS,454.0,792.572
CMS,461.0,818.1
CMS,462.0,824.84
CMS,473.0,856.794
CMS,474.0,855.437
CMS,478.0,863.002
CMS,482.0,893.561
CMS,483.0,885.94
CMS,488.0,898.207
CMS,489.0,902.241
CMS,490.0,905.139
CMS,491.0,902.647
CMS,493.0,917.507
CMS,496.0,944.688
CMSINTRD,15.0,30.705096
CMSINTRD,25.0,35.665542
CMSINTRD,26.0,26.130113
CMSINTRD,30.0,29.054357
CMSINTRD,33.0,32.071262
CMSINTRD,37.0,35.575828
CMSINTRD,41.0,38.084323
CMSINTRD,45.0,42.102474
CMSINTRD,52.0,49.184988
CMSINTRD,57.0,63.082886
CMSINTRD,67.0,59.39426
CMSINTRD,73.0,69.599141
CMSINTRD,78.0,73.803184
CMSINTRD,81.0,79.240464
CMSINTRD,90.0,85.477845
CMSINTRD,98.0,101.113022
CMSINTRD,99.0,102.334435
CMSINTRD,100.0,92.293415
CMSINTRD,101.0,102.038728
CMSINTRD,103.0,101.954747
CMSINTRD,104.0,99.37601
CMSINTRD,108.0,129.893109
CMSINTRD,122.0,144.595113
CMSINTRD,123.0,143.261008
CMSINTRD,124.0,142.741039
CMSINTRD,125.0,144.725721
CMSINTRD,126.0,143.407899
CMSINTRD,129.0,142.957355
CMSINTRD,137.0,179.093083
CMSINTRD,139.0,178.334679
CMSINTRD,149.0,177.759987
CMSINTRD,151.0,177.15211
CMSINTRD,152.0,225.338306
CMSINTRD,153.0,179.992201
CMSINTRD,160.0,223.431868
CMSINTRD,161.0,225.069465
CMSINTRD,162.0,224.28476
CMSINTRD,164.0,224.461088
CMSINTRD,167.0,223.686272
CMSINTRD,171.0,217.8726
CMSINTRD,182.0,293.629404
CMSINTRD,189.0,293.539838
CMSINTRD,195.0,298.432367
CMSINTRD,202.0,293.065001
CMSINTRD,204.0,348.792429
CMSINTRD,207.0,298.387891
CMSINTRD,210.0,292.693435
CMSINTRD,216.0,333.610323
CMSINTRD,219.0,393.640626
CMSINTRD,224.0,348.46369
CMSINTRD,227.0,346.670502
CMSINTRD,233.0,451.112744
CMSINTRD,238.0,393.431343
CMSINTRD,239.0,398.121089
CMSINTRD,241.0,375.255683
CMSINTRD,247.0,452.560229
CMSINTRD,261.0,449.421189
CMSINTRD,262.0,449.797139
CMSINTRD,265.0,510.522249
CMSINTRD,275.0,513.118676
CMSINTRD,276.0,477.803695
CMSINTRD,281.0,514.12954
CMSINTRD,282.0,510.558952
CMSINTRD,284.0,566.036338
CMSINTRD,288.0,513.290614
CMSINTRD,294.0,569.028499
CMSINTRD,298.0,741.690729
CMSINTRD,302.0,567.925733
CMSINTRD,304.0,612.549512
CMSINTRD,305.0,558.220534
CMSINTRD,308.0,533.110027
CMSINTRD,314.0,571.647029
CMSINTRD,322.0,979.652169
CMSINTRD,323.0,631.732357
CMSINTRD,326.0,663.983789
CMSINTRD,329.0,818.919203
CMSINTRD,330.0,821.302845
CMSINTRD,332.0,796.789066
CMSINTRD,333.0,780.37644
CMSINTRD,340.0,922.096374
CMSINTRD,341.0,915.014546
CMSINTRD,343.0,808.139132
CMSINTRD,345.0,908.948776
CMSINTRD,347.0,1573.327537
CMSINTRD,356.0,953.198348
CMSINTRD,358.0,995.765058
CMSINTRD,364.0,1042.39263
CMSINTRD,367.0,1729.908441
CMSINTRD,370.0,926.435745
CMSINTRD,379.0,903.206074
CMSINTRD,381.0,997.859349
CMSINTRD,387.0,909.204777
CMSINTRD,391.0,1303.706254
CMSINTRD,400.0,1351.034351
CMSINTRD,401.0,1631.843832
CMSINTRD,404.0,1207.843273
CMSINTRD,408.0,1333.634783
CMSINTRD,410.0,1260.822973
CMSINTRD,419.0,1593.812658
CMSINTRD,421.0,1462.055275
CMSINTRD,423.0,1571.226646
CMSINTRD,431.0,2076.920574
CMSINTRD,441.0,1716.082897
CMSINTRD,442.0,1833.283747
CMSINTRD,445.0,1810.681669
CMSINTRD,446.0,1759.672293
CMSINTRD,460.0,1937.472448
CMSINTRD,467.0,1684.149805
CMSINTRD,470.0,1865.542525
CMSINTRD,477.0,1809.445628
CMSINTRD,479.0,1864.571921
CMSINTRD,480.0,1962.470737
CMSINTRD,483.0,1990.688248
CMSINTRD,484.0,2002.670088
CMSINTRD,485.0,2140.575616
CMSINTRD,492.0,2314.019968
CMSINTRD,496.0,2079.984301
CMSINTRD,499.0,2079.621037
PD,181.0,13.454499
PD,195.0,14.145483
PD,234.0,15.623013
PD,255.0,17.248945
PD,280.0,20.373699
PD,292.0,21.67948
PD,305.0,24.995876
PD,341.0,29.210448
PD,366.0,32.834286
PD,379.0,35.437701
PD,415.0,38.504181
PD,440.0,40.992393
PD,456.0,45.027512
PD,486.0,49.030949
PD,499.0,52.129903
