algorithm,conv,time
AMLS,167,380.774758
CB-CMS,164,234.296
CMSINTRD_4_5,189,293.539838
AMLS,13,8.665957
CB-CMS,18,24.652
PD,415,24.106210
AMLS,169,398.274830
CB-CMS,164,234.876
AMLS,170,517.039778
CB-CMS,164,232.63
CMSINTRD_4_5,182,293.629404
AMLS,173,455.573947
CB-CMS,164,233.321
AMLS,174,321.232579
CB-CMS,164,239
CMSINTRD_4_5,207,298.387891
AMLS,175,459.327133
CB-CMS,164,236.876
PD,440,25.533388
AMLS,177,384.630042
CB-CMS,164,234.795
CMSINTRD_4_5,195,298.432367
AMLS,178,459.115903
CB-CMS,164,235.334
AMLS,179,384.508821
CB-CMS,164,237.223
CMSINTRD_4_5,202,293.065001
AMLS,180,433.691463
CB-CMS,164,234.872
AMLS,181,446.828582
CB-CMS,164,234.095
CMSINTRD_4_5,210,292.693435
AMLS,14,9.758627
CB-CMS,19,28.6575
PD,456,27.562460
AMLS,182,480.561325
CB-CMS,176,250.533
AMLS,183,533.620825
CB-CMS,181,261.798
CMSINTRD_4_5,216,333.610323
AMLS,186,420.901030
CB-CMS,186,266.173
AMLS,188,458.526348
CB-CMS,186,266.176
CMSINTRD_4_5,204,348.792429
AMLS,193,482.465764
CB-CMS,186,263.823
PD,486,29.823420
AMLS,196,465.243640
CB-CMS,186,263.215
CMSINTRD_4_5,202,345.997737
AMLS,198,488.750411
CB-CMS,186,265.905
AMLS,199,515.682133
CB-CMS,186,264.062
CMSINTRD_4_5,210,343.602689
AMLS,202,468.527811
CB-CMS,186,265.144
AMLS,204,573.020611
CB-CMS,186,264.577
CMSINTRD_4_5,227,346.670502
AMLS,15,10.101564
CB-CMS,20,30.8056
CMSINTRD_4_5,25,35.665542
PD,499,31.524273
AMLS,206,471.080577
CB-CMS,186,264.661
AMLS,208,622.510153
CB-CMS,186,266.861
CMSINTRD_4_5,224,348.463690
AMLS,213,602.604875
CB-CMS,186,269.334
AMLS,216,527.717742
CB-CMS,192,287.141
CMSINTRD_4_5,241,375.255683
AMLS,219,659.509997
CB-CMS,192,283.588
PD,499,33.832694
AMLS,220,706.469206
CB-CMS,196,293.111
CMSINTRD_4_5,219,393.640626
AMLS,222,648.586979
CB-CMS,196,293.623
AMLS,224,687.565100
CB-CMS,196,291.866
CMSINTRD_4_5,239,401.560824
AMLS,228,602.307460
CB-CMS,196,293.121
AMLS,231,691.098584
CB-CMS,196,295.642
CMSINTRD_4_5,241,394.756723
AMLS,15,11.338653
CB-CMS,20,30.5566
PD,499,33.911341
AMLS,235,647.655044
CB-CMS,196,293.732
AMLS,237,599.454469
CB-CMS,196,294.01
CMSINTRD_4_5,239,398.121089
AMLS,240,726.493211
CB-CMS,196,294.484
AMLS,242,640.720931
CB-CMS,200,310.481
CMSINTRD_4_5,238,393.431343
AMLS,246,734.142662
CB-CMS,208,321.686
PD,499,34.425627
AMLS,249,762.675691
CB-CMS,208,326.75
CMSINTRD_4_5,261,449.421189
AMLS,252,845.129242
CB-CMS,208,326.51
AMLS,254,742.670591
CB-CMS,208,324.258
CMSINTRD_4_5,247,454.050245
AMLS,257,754.435662
CB-CMS,208,325.024
AMLS,259,697.843173
CB-CMS,208,325.775
CMSINTRD_4_5,233,451.112744
AMLS,16,13.045164
CB-CMS,20,35.731
CMSINTRD_4_5,26,26.130113
PD,499,37.416481
AMLS,261,729.088317
CB-CMS,208,324.672
AMLS,264,773.942027
CB-CMS,208,329.591
CMSINTRD_4_5,262,449.797139
AMLS,266,771.181557
CB-CMS,208,326.472
AMLS,269,807.719675
CB-CMS,208,321.299
CMSINTRD_4_5,247,452.560229
AMLS,271,833.348279
CB-CMS,210,336.435
PD,499,39.107803
AMLS,274,973.545009
CB-CMS,222,354.321
CMSINTRD_4_5,276,477.803695
AMLS,277,733.762844
CB-CMS,222,351.789
AMLS,279,871.107004
CB-CMS,222,353.162
CMSINTRD_4_5,288,513.290614
AMLS,280,898.003442
CB-CMS,222,352.752
AMLS,283,813.404723
CB-CMS,222,353.546
CMSINTRD_4_5,265,510.522249
AMLS,16,14.907615
CB-CMS,20,38.1901
PD,499,41.858633
AMLS,285,941.710316
CB-CMS,222,352.067
AMLS,288,854.896483
CB-CMS,222,354.868
CMSINTRD_4_5,282,510.558952
AMLS,291,910.233910
CB-CMS,222,357.822
AMLS,293,772.578688
CB-CMS,222,353.917
CMSINTRD_4_5,275,513.118676
AMLS,296,1031.081395
CB-CMS,222,360.063
PD,499,43.463359
AMLS,297,913.750766
CB-CMS,223,363.587
CMSINTRD_4_5,281,514.129540
AMLS,299,820.609431
CB-CMS,238,392.34
AMLS,301,914.614456
CB-CMS,238,392.433
CMSINTRD_4_5,305,558.220534
AMLS,304,1018.088588
CB-CMS,238,389.527
AMLS,305,997.872809
CB-CMS,238,392.783
CMSINTRD_4_5,284,566.036338
AMLS,21,14.885556
CB-CMS,23,41.3305
CMSINTRD_4_5,30,29.054357
PD,499,45.263435
AMLS,307,940.123522
CB-CMS,238,387.829
AMLS,309,988.249752
CB-CMS,238,396.177
CMSINTRD_4_5,294,569.028499
AMLS,312,898.729956
CB-CMS,238,391.855
AMLS,314,1024.037665
CB-CMS,238,390.972
CMSINTRD_4_5,302,567.925733
AMLS,315,966.781322
CB-CMS,238,389.825
PD,499,46.978544
AMLS,316,940.359247
CB-CMS,238,390.17
CMSINTRD_4_5,314,571.647029
AMLS,319,992.178166
CB-CMS,256,412.014
AMLS,321,1057.758319
CB-CMS,267,424.886
CMSINTRD_4_5,308,533.110027
AMLS,322,851.030755
CB-CMS,267,424.517
AMLS,325,1048.985471
CB-CMS,267,422.74
CMSINTRD_4_5,323,631.732357
AMLS,22,16.807530
CB-CMS,23,46.5346
PD,499,46.755110
AMLS,326,1010.509726
CB-CMS,267,423.654
AMLS,327,1148.856751
CB-CMS,267,419.93
CMSINTRD_4_5,304,612.549512
AMLS,328,928.806514
CB-CMS,267,426.607
AMLS,329,838.099649
CB-CMS,267,421.051
CMSINTRD_4_5,326,663.983789
AMLS,330,1036.165763
CB-CMS,267,422.467
PD,499,52.112725
AMLS,331,968.732628
CB-CMS,267,424.892
CMSINTRD_4_5,298,741.690729
AMLS,332,960.198328
CB-CMS,267,421.529
AMLS,334,1064.883470
CB-CMS,283,448.622
CMSINTRD_4_5,333,780.376440
AMLS,335,1062.391944
CB-CMS,287,456.783
AMLS,336,1014.133047
CB-CMS,287,460.261
CMSINTRD_4_5,332,796.789066
AMLS,24,16.896433
CB-CMS,23,51.9085
CMSINTRD_4_5,33,32.071262
PD,499,51.139985
AMLS,337,928.913336
CB-CMS,287,457.19
AMLS,338,1085.118992
CB-CMS,287,453.745
CMSINTRD_4_5,343,808.139132
AMLS,338,850.645204
CB-CMS,287,457.688
AMLS,340,892.045165
CB-CMS,287,456.454
CMSINTRD_4_5,330,821.302845
AMLS,340,825.056915
CB-CMS,287,462.694
PD,499,55.986961
AMLS,341,925.156249
CB-CMS,287,460.297
CMSINTRD_4_5,329,818.919203
AMLS,343,930.218938
CB-CMS,301,485.72
AMLS,344,1200.264365
CB-CMS,305,492.981
CMSINTRD_4_5,332,879.528335
AMLS,345,1300.420021
CB-CMS,305,488.814
AMLS,348,1161.383560
CB-CMS,305,482.475
CMSINTRD_4_5,345,908.948776
AMLS,26,17.909936
CB-CMS,26,55.7072
PD,499,56.005174
AMLS,350,867.597861
CB-CMS,305,491.648
AMLS,350,1367.374602
CB-CMS,305,490.529
CMSINTRD_4_5,340,922.096374
AMLS,352,971.392781
CB-CMS,305,484.734
AMLS,354,1036.592151
CB-CMS,305,495.621
CMSINTRD_4_5,341,915.014546
AMLS,354,1196.315954
CB-CMS,309,498.891
PD,499,58.227849
AMLS,355,1307.557811
CB-CMS,312,504.91
CMSINTRD_4_5,356,953.198348
AMLS,357,883.711873
CB-CMS,322,524.217
AMLS,359,1097.426298
CB-CMS,322,523.943
CMSINTRD_4_5,379,965.025357
AMLS,362,846.970492
CB-CMS,322,524.223
AMLS,364,853.241093
CB-CMS,322,524.165
CMSINTRD_4_5,381,997.859349
AMLS,28,20.266893
CB-CMS,26,61.3935
CMSINTRD_4_5,37,35.575828
PD,499,59.450882
AMLS,365,853.511509
CB-CMS,322,527.608
AMLS,367,918.524703
CB-CMS,322,523.906
CMSINTRD_4_5,381,1003.106818
AMLS,369,884.247570
CB-CMS,322,521.146
AMLS,370,896.073375
CB-CMS,322,527.162
CMSINTRD_4_5,358,995.765058
AMLS,372,918.813832
CB-CMS,323,524.669
PD,499,63.843659
AMLS,375,996.361901
CB-CMS,330,532.764
CMSINTRD_4_5,364,1042.392630
AMLS,375,928.358325
CB-CMS,336,560.903
AMLS,375,980.877293
CB-CMS,338,555.401
CMSINTRD_4_5,322,979.652169
AMLS,376,966.373684
CB-CMS,338,561.923
AMLS,379,922.765497
CB-CMS,338,558.605
CMSINTRD_4_5,379,903.206074
AMLS,30,21.838996
CB-CMS,27,65.2729
PD,499,62.629821
AMLS,380,959.462848
CB-CMS,338,553.883
AMLS,382,931.304253
CB-CMS,338,557.179
CMSINTRD_4_5,370,926.435745
AMLS,386,960.825034
CB-CMS,341,570.994
AMLS,389,996.574144
CB-CMS,338,564.613
CMSINTRD_4_5,387,909.204777
AMLS,393,1001.014641
CB-CMS,344,570.555
PD,499,66.499514
AMLS,397,1026.458351
CB-CMS,353,606.995
CMSINTRD_4_5,404,1207.843273
AMLS,400,1007.361775
CB-CMS,353,592.499
AMLS,403,1126.183570
CB-CMS,353,593.708
CMSINTRD_4_5,400,1351.034351
AMLS,404,1040.010484
CB-CMS,354,595.677
AMLS,407,1096.759566
CB-CMS,353,593.115
CMSINTRD_4_5,391,1303.706254
AMLS,33,27.472052
CB-CMS,28,69.1417
CMSINTRD_4_5,41,38.084323
PD,499,68.318784
AMLS,409,1033.098547
CB-CMS,353,599.918
AMLS,411,1116.967338
CB-CMS,353,595.455
CMSINTRD_4_5,410,1260.822973
AMLS,414,1105.294335
CB-CMS,353,597.716
AMLS,416,1134.636045
CB-CMS,359,619.05
CMSINTRD_4_5,408,1333.634783
AMLS,421,1218.894058
CB-CMS,366,632.224
PD,499,71.345804
AMLS,423,1094.557751
CB-CMS,367,630.866
CMSINTRD_4_5,421,1462.055275
AMLS,425,1257.871630
CB-CMS,370,627.372
AMLS,427,1259.889740
CB-CMS,370,628.701
CMSINTRD_4_5,423,1571.226646
AMLS,429,1099.535287
CB-CMS,370,627.547
AMLS,432,1120.068255
CB-CMS,370,630.237
CMSINTRD_4_5,347,1573.327537
AMLS,35,30.903405
CB-CMS,29,77.3513
PD,499,72.769136
AMLS,435,1179.620109
CB-CMS,370,633.822
AMLS,437,1157.544759
CB-CMS,370,625.738
CMSINTRD_4_5,419,1593.812658
AMLS,441,1152.686600
CB-CMS,370,627.218
AMLS,443,1334.730629
CB-CMS,381,663.317
CMSINTRD_4_5,401,1631.843832
AMLS,445,1409.774844
CB-CMS,385,664.904
PD,499,74.766747
AMLS,448,1183.286399
CB-CMS,385,675.113
CMSINTRD_4_5,467,1684.149805
AMLS,450,1241.727935
CB-CMS,385,666.333
AMLS,455,1354.998147
CB-CMS,385,667.789
CMSINTRD_4_5,441,1716.082897
AMLS,458,1247.280112
CB-CMS,385,667.464
AMLS,461,1233.929018
CB-CMS,388,673.112
CMSINTRD_4_5,367,1729.908441
AMLS,36,27.583243
CB-CMS,29,78.5568
CMSINTRD_4_5,45,42.102474
PD,499,77.362703
AMLS,464,1401.922822
CB-CMS,388,676.393
AMLS,468,1280.922193
CB-CMS,397,702.784
CMSINTRD_4_5,446,1759.672293
AMLS,472,1520.748803
CB-CMS,402,698.691
AMLS,474,1382.748873
CB-CMS,405,710.459
CMSINTRD_4_5,445,1810.681669
AMLS,477,1251.186088
CB-CMS,405,699.099
PD,499,78.968904
AMLS,480,1324.082257
CB-CMS,405,705.577
CMSINTRD_4_5,477,1809.445628
AMLS,483,1352.077137
CB-CMS,405,699.813
AMLS,485,1424.407925
CB-CMS,411,719.424
CMSINTRD_4_5,470,1865.542525
AMLS,487,1309.934097
CB-CMS,411,715.038
AMLS,490,1342.778620
CB-CMS,413,715.094
CMSINTRD_4_5,442,1833.283747
AMLS,37,33.333186
CB-CMS,31,87.7694
PD,499,80.888544
AMLS,491,1466.135796
CB-CMS,425,740.804
AMLS,494,1472.361783
CB-CMS,425,747.605
CMSINTRD_4_5,479,1864.571921
AMLS,495,1351.336993
CB-CMS,425,742.257
AMLS,495,1393.988567
CB-CMS,424,746.684
CMSINTRD_4_5,460,1937.472448
AMLS,495,1489.685553
CB-CMS,425,740.679
PD,499,86.242637
AMLS,495,1426.947706
CB-CMS,425,745.751
CMSINTRD_4_5,480,1962.470737
AMLS,495,1444.782212
CB-CMS,429,754.117
AMLS,495,1527.823412
CB-CMS,433,753.373
CMSINTRD_4_5,483,1990.688248
AMLS,495,1495.706568
CB-CMS,433,756.562
AMLS,495,1525.728952
CB-CMS,447,778.897
CMSINTRD_4_5,484,2002.670088
AMLS,40,31.738293
CB-CMS,34,97.931
CMSINTRD_4_5,45,44.304591
PD,499,88.590266
AMLS,495,1511.776152
CB-CMS,448,779.606
AMLS,495,1614.184985
CB-CMS,448,780.65
CMSINTRD_4_5,431,2076.920574
AMLS,495,1542.728062
CB-CMS,447,781.69
AMLS,495,1543.276955
CB-CMS,448,782.257
CMSINTRD_4_5,496,2079.984301
AMLS,495,1589.454542
CB-CMS,448,780.068
PD,499,91.837226
AMLS,495,1579.300662
CB-CMS,448,783.22
CMSINTRD_4_5,499,2079.621037
AMLS,495,1566.330813
CB-CMS,454,792.572
AMLS,495,1623.404518
CB-CMS,454,795.702
CMSINTRD_4_5,485,2140.575616
AMLS,495,1586.375937
CB-CMS,454,795.721
AMLS,495,1571.197008
CB-CMS,461,822.852
CMSINTRD_4_5,499,2182.395703
AMLS,41,37.299275
CB-CMS,34,105.481
PD,499,92.658684
AMLS,495,1625.206710
CB-CMS,462,824.84
AMLS,495,1724.522687
CB-CMS,461,821.965
CMSINTRD_4_5,499,2206.505338
AMLS,495,1678.402109
CB-CMS,461,820.159
AMLS,495,1625.232436
CB-CMS,461,820.898
CMSINTRD_4_5,499,2218.244420
AMLS,495,1668.882006
CB-CMS,461,818.1
PD,499,96.103850
AMLS,495,1648.055596
CB-CMS,474,855.437
CMSINTRD_4_5,499,2217.690274
AMLS,495,1652.394815
CB-CMS,474,869.373
AMLS,495,1766.136974
CB-CMS,473,856.794
CMSINTRD_4_5,499,2359.164368
AMLS,495,1705.345027
CB-CMS,478,864.522
AMLS,495,1711.979412
CB-CMS,478,863.002
CMSINTRD_4_5,499,2338.229617
AMLS,41,39.068170
CB-CMS,39,104.652
CMSINTRD_4_5,52,49.184988
PD,499,99.013635
AMLS,495,1771.495632
CB-CMS,478,864.105
AMLS,495,1796.398698
CB-CMS,478,864.353
CMSINTRD_4_5,492,2314.019968
AMLS,495,1757.123837
CB-CMS,478,865.993
AMLS,495,1710.158211
CB-CMS,483,885.94
CMSINTRD_4_5,499,2337.031125
AMLS,495,1723.306240
CB-CMS,482,893.561
PD,499,100.259978
AMLS,495,1774.343607
CB-CMS,488,910.629
AMLS,495,1728.877791
CB-CMS,488,898.207
AMLS,495,1825.103274
CB-CMS,491,902.647
AMLS,495,1864.478816
CB-CMS,489,902.241
AMLS,495,1905.796903
CB-CMS,490,905.139
AMLS,42,37.508778
CB-CMS,45,106.769
PD,499,103.225795
AMLS,495,1803.042272
CB-CMS,493,917.507
AMLS,495,1833.386442
CB-CMS,496,944.688
AMLS,495,1934.382631
CB-CMS,,949.802
AMLS,495,1990.848111
CB-CMS,,947.375
AMLS,495,1877.959285
CB-CMS,,945.507
PD,499,106.500183
AMLS,495,1947.733171
CB-CMS,,950.831
AMLS,495,1847.204013
CB-CMS,,947.34
AMLS,495,1989.328707
CB-CMS,,964.526
AMLS,495,1938.180787
CB-CMS,,957.447
AMLS,495,2058.277159
CB-CMS,,990.34
AMLS,42,37.994361
CB-CMS,46,110.385
CMSINTRD_4_5,52,55.399805
PD,499,109.638347
AMLS,495,1953.142098
CB-CMS,,984.597
AMLS,495,2009.256028
CB-CMS,,986.163
AMLS,495,1970.972921
CB-CMS,,991.648
AMLS,495,2119.614047
CB-CMS,,
AMLS,495,2064.847097
PD,499,118.704625
AMLS,495,2023.848614
AMLS,495,2105.329988
AMLS,495,1991.422754
AMLS,495,2125.976527
AMLS,495,2203.766722
AMLS,43,45.606446
CB-CMS,48,106.142
PD,499,116.619490
AMLS,495,2029.581375
AMLS,495,2151.306928
AMLS,495,2130.972813
AMLS,495,2189.280635
AMLS,495,2099.702291
PD,499,119.565001
AMLS,44,42.452208
CB-CMS,51,109.469
CMSINTRD_4_5,67,59.394260
PD,499,121.258040
PD,499,123.915190
AMLS,46,52.163312
CB-CMS,53,109.881
PD,499,129.365643
PD,499,133.527494
AMLS,48,50.324324
CB-CMS,56,113.808
CMSINTRD_4_5,57,63.082886
PD,499,139.244402
PD,499,137.469246
AMLS,52,49.352548
CB-CMS,60,116.019
PD,499,138.989184
PD,499,154.256380
AMLS,55,62.426773
CB-CMS,63,119.263
CMSINTRD_4_5,73,69.599141
PD,499,166.913861
PD,499,169.588730
AMLS,59,56.130038
CB-CMS,66,123.751
PD,499,175.539134
PD,499,180.118278
AMLS,61,60.648016
CB-CMS,73,126.596
CMSINTRD_4_5,78,73.803184
PD,499,185.007028
PD,499,189.053689
AMLS,65,61.019678
CB-CMS,76,108.372
PD,499,194.862444
PD,499,198.045589
AMLS,68,69.055758
CB-CMS,78,110.133
CMSINTRD_4_5,81,79.240464
PD,499,200.216366
PD,499,204.816555
AMLS,69,63.372146
CB-CMS,81,111.375
PD,,216.061592
AMLS,69,86.234905
CB-CMS,82,114.626
CMSINTRD_4_5,90,85.477845
AMLS,71,74.796021
CB-CMS,84,118.62
AMLS,73,98.598634
CB-CMS,85,118.671
CMSINTRD_4_5,100,92.293415
AMLS,75,88.123407
CB-CMS,86,121.598
AMLS,77,99.747926
CB-CMS,87,124.513
CMSINTRD_4_5,104,99.376010
AMLS,80,101.866940
CB-CMS,87,127.068
AMLS,81,98.322641
CB-CMS,89,128.16
CMSINTRD_4_5,104,104.904105
AMLS,83,103.170975
CB-CMS,89,130.305
AMLS,83,110.309575
CB-CMS,88,126.582
CMSINTRD_4_5,99,102.334435
PD,181,10.790144
AMLS,84,116.968086
CB-CMS,88,125.958
AMLS,85,121.637954
CB-CMS,88,124.706
CMSINTRD_4_5,103,101.954747
AMLS,86,110.331112
CB-CMS,88,124.487
AMLS,88,127.193725
CB-CMS,88,124.092
CMSINTRD_4_5,101,102.038728
AMLS,91,130.258052
CB-CMS,88,125.085
PD,195,11.277950
AMLS,93,127.123884
CB-CMS,88,126.178
CMSINTRD_4_5,98,101.113022
AMLS,95,128.472251
CB-CMS,88,123.855
AMLS,97,138.342070
CB-CMS,100,148.373
CMSINTRD_4_5,108,129.893109
AMLS,100,155.560618
CB-CMS,109,153.363
AMLS,101,151.269336
CB-CMS,109,152.549
CMSINTRD_4_5,125,144.725721
PD,234,12.124263
AMLS,105,156.861193
CB-CMS,109,153.267
AMLS,108,171.983997
CB-CMS,109,153.48
CMSINTRD_4_5,126,143.407899
AMLS,109,151.596044
CB-CMS,109,151.776
AMLS,112,144.926051
CB-CMS,109,152.02
CMSINTRD_4_5,126,144.341032
AMLS,114,202.268173
CB-CMS,109,152.077
PD,255,13.199374
AMLS,114,176.120133
CB-CMS,109,153.028
CMSINTRD_4_5,122,144.595113
AMLS,116,201.850883
CB-CMS,109,151.745
AMLS,118,184.800511
CB-CMS,109,152.242
CMSINTRD_4_5,123,143.261008
AMLS,120,171.956188
CB-CMS,109,153.558
AMLS,122,193.638018
CB-CMS,109,154.248
CMSINTRD_4_5,124,142.741039
PD,280,15.751999
AMLS,125,187.822196
CB-CMS,109,153.292
AMLS,128,193.993650
CB-CMS,109,150.911
CMSINTRD_4_5,129,142.957355
AMLS,131,175.675466
CB-CMS,121,170.198
AMLS,133,201.876624
CB-CMS,132,182.529
CMSINTRD_4_5,137,179.093083
AMLS,134,208.138871
CB-CMS,132,180.239
PD,292,16.382349
AMLS,135,245.582216
CB-CMS,132,180.625
CMSINTRD_4_5,149,179.753564
AMLS,136,205.226627
CB-CMS,132,180.129
AMLS,139,217.839645
CB-CMS,132,179.724
CMSINTRD_4_5,149,177.759987
AMLS,139,235.982125
CB-CMS,132,179.827
AMLS,140,250.462835
CB-CMS,132,180.393
CMSINTRD_4_5,151,177.152110
CMSINTRD_4_5,15,30.705096
PD,305,18.670931
AMLS,141,237.785255
CB-CMS,132,178.737
AMLS,143,249.542772
CB-CMS,132,178.424
CMSINTRD_4_5,139,178.334679
AMLS,144,233.737462
CB-CMS,132,179.838
AMLS,145,254.770585
CB-CMS,132,180.149
CMSINTRD_4_5,153,179.992201
AMLS,148,228.454387
CB-CMS,132,179.885
PD,341,19.009012
AMLS,149,228.742858
CB-CMS,147,202.771
CMSINTRD_4_5,171,217.872600
AMLS,151,336.604146
CB-CMS,151,206.618
AMLS,151,276.844251
CB-CMS,151,207.136
CMSINTRD_4_5,167,223.686272
AMLS,153,309.852512
CB-CMS,151,205.073
AMLS,153,293.117272
CB-CMS,151,204.875
CMSINTRD_4_5,162,224.284760
PD,366,21.400762
AMLS,154,332.303569
CB-CMS,151,207.855
AMLS,156,311.533127
CB-CMS,151,210.904
CMSINTRD_4_5,152,225.338306
AMLS,159,401.587609
CB-CMS,151,206.198
AMLS,159,373.629515
CB-CMS,151,207.495
CMSINTRD_4_5,160,223.431868
AMLS,160,422.846390
CB-CMS,151,206.303
PD,379,22.495523
AMLS,161,407.211824
CB-CMS,151,208.043
CMSINTRD_4_5,164,224.461088
AMLS,161,388.746559
CB-CMS,151,208.938
AMLS,163,412.885863
CB-CMS,154,216.348
CMSINTRD_4_5,161,225.069465
AMLS,165,351.846179
CB-CMS,154,216.36
